1,Mal,Hasker,1vd5HaKUAk,mhasker0@deliciousdays.com,1691061660,30 Hallows Crossing
2,Cosimo,Cordelette,8o4ZLXFLIC,ccordelette1@youtube.com,3852089938,1652 Manitowish Place
3,Loren,Caughtry,0XzM4x,lcaughtry2@youtube.com,6168368600,6 Pleasure Junction
4,Nerte,Rameau,9VRKh4cae3,nrameau3@vinaora.com,2831075143,978 New Castle Avenue
5,Emlyn,Milkin,vMAppO5iByl,emilkin4@msn.com,6411053866,89 Stang Crossing
6,Holli,Whiteson,wEv6Py,hwhiteson5@etsy.com,3231715121,16751 Twin Pines Street
7,Giffy,Zelake,o2x0MxrF,gzelake6@netvibes.com,3928751734,7967 Mendota Trail
8,Harley,Tatnell,YnU242U,htatnell7@princeton.edu,8345050952,3 Atwood Way
9,Amii,Splain,ixV3XeT7,asplain8@ed.gov,5878710413,39 Loeprich Crossing
10,Mathilda,Sharrem,kqnPMTq0t,msharrem9@earthlink.net,2981581073,39 Burrows Place
11,Hephzibah,Cordeix,DMdok9V,hcordeixa@answers.com,1776560744,889 Lake View Street
12,Ransom,Mingauld,weMrFhiokY,rmingauldb@canalblog.com,4446215935,73029 Jay Plaza
13,Frannie,Reicharz,ImxKEU85,freicharzc@sbwire.com,3032604834,3644 Gina Street
14,Seline,Bilston,zIBeHx,sbilstond@dailymail.co.uk,4211015627,066 Hermina Plaza
15,Lissi,Tremolieres,zlpJ7hj,ltremolierese@eepurl.com,2107020707,018 Schiller Drive
16,Chaunce,MacNeilley,Nfw0DDp49,cmacneilleyf@digg.com,1497610797,11775 Calypso Point
17,Reina,Ruddin,fotgtHU,rrudding@google.nl,3201726316,20 Lyons Lane
18,Antonia,Lehrahan,MLRzEc,alehrahanh@list-manage.com,2966598460,60 Valley Edge Road
19,Charlton,Nurny,03WnrZeyR8w,cnurnyi@live.com,1223734563,70844 Gerald Parkway
20,Paige,Mathys,kKv3rn,pmathysj@com.com,1435787423,135 7th Crossing
21,Mirella,VanBrugh,X8ZZs3jz,mvanbrughk@narod.ru,8742360614,65636 Orin Street
22,Anastasie,Bermingham,FAErfw,aberminghaml@gnu.org,6479993441,5 Reindahl Place
23,Ainsley,Gloster,Aj0y1T4Z,aglosterm@paypal.com,8384219094,2218 Becker Center
24,Laney,Goucher,csiaEfwNom,lgouchern@google.nl,5425959891,9414 Blue Bill Park Place
25,Damien,Loughnan,V5NOlya,dloughnano@alibaba.com,8385729144,0308 Summerview Trail
26,Josias,Olyfant,eNvVxs,jolyfantp@ebay.com,4233405960,8721 Holmberg Circle
27,Garvin,Thicking,5i6g1Syr,gthickingq@cisco.com,7241612978,9127 Sauthoff Junction
28,Andee,Drake,5Cg5BWv,adraker@ted.com,8624651844,43393 Jenna Junction
29,Lizzy,Mauger,uXz0a0,lmaugers@princeton.edu,4603188568,572 Walton Alley
30,Bobinette,Bertl,Wg86071,bbertlt@dyndns.org,6121828516,4 Cardinal Lane
31,Wallis,O'Crowley,mbeABOz9xlYh,wocrowleyu@liveinternet.ru,3424532807,96644 Truax Avenue
32,Gearard,Schimann,GFpRoBnxihl7,gschimannv@spiegel.de,9928538219,2981 Warner Road
33,Dolf,Borsi,pBMdvvL2VlO0,dborsiw@macromedia.com,1648549036,557 Rieder Park
34,Zacharie,Breston,gycl7F7o4ys,zbrestonx@weebly.com,6768388130,17 Dexter Trail
35,Misti,Henrot,mujaHh5UYcQU,mhenroty@phoca.cz,3919631618,28879 Shoshone Court
36,Leodora,Hadenton,zv0zLk,lhadentonz@creativecommons.org,9708761617,6399 Havey Hill
37,Catarina,Snead,v7ThT6Ck,csnead10@paginegialle.it,7972539709,2282 Golden Leaf Circle
38,Audre,Hofner,57VT7q3s,ahofner11@miitbeian.gov.cn,1684180124,550 Westport Hill
39,Lanette,Tomaszkiewicz,OLg6IVZNLpZp,ltomaszkiewicz12@myspace.com,8159157852,167 Basil Alley
40,Will,Rosnau,O8RXeOi,wrosnau13@google.co.jp,6099623289,8 Ronald Regan Hill
41,Vaclav,Popley,aYRCe40,vpopley14@wufoo.com,9682886014,92386 Victoria Circle
42,Yves,Shannahan,O4sguA4,yshannahan15@youtube.com,6003965337,046 Sachtjen Hill
43,Noe,Houseley,JDCnDSyGh4,nhouseley16@google.co.jp,6463350167,6 Goodland Point
44,Moll,Maciunas,XpoNsPo,mmaciunas17@microsoft.com,2324477723,1622 Merry Way
45,Lou,Berryman,79YHxGOYdbp5,lberryman18@sbwire.com,2601728710,35 Coolidge Pass
46,George,Crassweller,2xLf7jn,gcrassweller19@google.ca,7113057000,13 Marquette Center
47,Rebekkah,Sirman,y5UhBH,rsirman1a@amazonaws.com,5303749804,3384 Trailsway Hill
48,Grant,Bare,81mZ3X,gbare1b@com.com,5694745258,9123 Lakeland Lane
49,Benoite,Bootell,PaThlW,bbootell1c@apple.com,5364633651,22737 Hanson Court
50,Domini,Cornew,M7e65zX,dcornew1d@alexa.com,9151552356,5 Charing Cross Center
51,Jacquenetta,Potebury,6miMKJhSB3,jpotebury1e@marriott.com,9876048840,4488 David Junction
52,Henri,Road,7ah1AsewmWZ,hroad1f@nhs.uk,7158232639,87 Sunbrook Plaza
53,Karlotta,Alleburton,2QN6nn9O,kalleburton1g@behance.net,8216167321,6970 Mallory Plaza
54,Klemens,Wicks,4bXRJrwuAgM,kwicks1h@deviantart.com,8318596388,214 3rd Lane
55,Ansel,Jindrak,v1aRtfEbJbN,ajindrak1i@wisc.edu,7993140713,0 Sunnyside Park
56,Dinnie,Pavolini,EWO2xYG2aJW,dpavolini1j@yolasite.com,3608564966,46792 Kingsford Avenue
57,Nicola,Echallie,ot9jqR2eXZ6A,nechallie1k@ycombinator.com,9606875090,36 Hansons Place
58,Quinton,Sincock,J3bJHTI087L,qsincock1l@digg.com,1825963938,75595 Pearson Court
59,Elbertine,Girkins,1eqLn9GwJ8,egirkins1m@cmu.edu,3095901952,60 Old Shore Plaza
60,Ignatius,Cicchitello,BEmw50G,icicchitello1n@ibm.com,8023175424,70 Sachtjen Parkway
61,Gilbertine,Bailiss,675Etk3Wp,gbailiss1o@kickstarter.com,1904534874,5 Golden Leaf Road
62,Tessy,Rawkesby,qvl17iulo,trawkesby1p@tinypic.com,7193335815,490 Sycamore Way
63,Betty,Blencoe,BZy5SftA,bblencoe1q@bigcartel.com,7832594502,30 Springview Plaza
64,Linn,Ings,xXz8UW1j6X7,lings1r@i2i.jp,1313268486,5 North Street
65,Leonora,Lote,l2KzyVBq,llote1s@trellian.com,7007499619,92170 Logan Center
66,Kippy,Drowsfield,FSORrxS2,kdrowsfield1t@last.fm,8283213433,735 Gateway Junction
67,Thedrick,Kahan,yTxKabkBbCKo,tkahan1u@ihg.com,3932265042,3590 Nova Circle
68,Trumann,Garrould,QKSTSy4hhv,tgarrould1v@twitter.com,2696103362,59013 Holmberg Road
69,Orazio,Forth,1OD6yjszQ,oforth1w@pbs.org,9113595615,9862 Cascade Point
70,Cad,Polk,tmz3UZ,cpolk1x@freewebs.com,5384255940,243 Esch Place
71,Bunnie,Dyche,28nHBxsi5T,bdyche1y@addthis.com,1339402373,113 Hoepker Center
72,Dolores,Dayly,amVdBIlZ,ddayly1z@google.it,4963469776,4 Packers Lane
73,Sandor,Lages,NoHvpTNiH,slages20@omniture.com,6718355912,544 Huxley Lane
74,Farly,Schubart,p8HOjvNfL0,fschubart21@networksolutions.com,6233627975,09167 Ohio Place
75,Gunar,Plumridege,pp7E4yty,gplumridege22@hostgator.com,5302040430,283 Jenna Lane
76,Buiron,Saltmarsh,7WKH09kqy,bsaltmarsh23@guardian.co.uk,4522704112,633 Westerfield Trail
77,Francene,Peace,CPd9JS9QYpuR,fpeace24@businessweek.com,5422098085,3122 Sauthoff Crossing
78,Dwain,Elecum,t9jUGqFr,delecum25@stanford.edu,8576950314,2 Cardinal Avenue
79,Ogdon,Fredson,FxLzTpW1Db,ofredson26@skyrock.com,4934406887,534 Bultman Park
80,Dacie,Janik,MRrr8H7p19,djanik27@boston.com,1469819309,5 Forest Dale Way
81,Diana,Hullot,apo8ofOb,dhullot28@webmd.com,8232449810,569 Vermont Circle
82,Phedra,Mollindinia,UwJaU6AE,pmollindinia29@uiuc.edu,5788073977,727 Kinsman Avenue
83,Dulsea,Merriment,2epRZI,dmerriment2a@howstuffworks.com,9042359437,7 Norway Maple Terrace
84,Rudyard,Skehan,rTMmAL,rskehan2b@domainmarket.com,3312535260,4598 Toban Place
85,Durand,Cruddas,UCngLfH9ppa,dcruddas2c@senate.gov,2086926412,78 Forster Plaza
86,Cathryn,Rohan,0dQthe9f,crohan2d@reuters.com,9952923841,98892 West Alley
87,Alane,Dignam,K2nVKuI6ma,adignam2e@indiegogo.com,7137802229,1 Maple Wood Alley
88,Stefano,Clarridge,fTfKzV,sclarridge2f@blogtalkradio.com,7349328550,3 Lunder Plaza
89,Thomas,Elfitt,VtJOHtW,telfitt2g@phpbb.com,5198615715,37476 Larry Point
90,Nealy,Petrakov,mNSp6DYJr1,npetrakov2h@blogs.com,2124246297,32851 Carioca Pass
91,Charla,Terrelly,ha2ew3b,cterrelly2i@fema.gov,3625199416,08247 Homewood Park
92,Cori,Le Marquand,FrcLJGV,clemarquand2j@slideshare.net,5049061998,2 Calypso Trail
93,Isabeau,Kort,gOnGyQkdZ549,ikort2k@nydailynews.com,3885234857,2911 Lunder Parkway
94,Aurthur,Habron,KewETS72xGz,ahabron2l@google.com.br,3909975731,40 Loomis Junction
95,Tamqrah,Lipmann,PN26zXDU,tlipmann2m@bravesites.com,4121996202,496 Heath Road
96,Free,Lote,fKQh2f7Wzu,flote2n@mashable.com,2791073476,75034 Tennyson Pass
97,Nickolas,Ivanin,DZQjW2q,nivanin2o@xinhuanet.com,2065389454,497 Utah Parkway
98,Anet,Nehlsen,9fmZwD1,anehlsen2p@nhs.uk,8897855250,2614 Michigan Place
99,Falkner,Paiton,nhn7ZV,fpaiton2q@nymag.com,9863161319,36 Eastlawn Plaza
100,Gayelord,Sustin,dH5inIl9xP2,gsustin2r@gnu.org,8661885793,78259 Oriole Point
101,Emmalyn,Davenhall,9cH8Id,edavenhall2s@google.co.uk,1293161355,09217 Debs Crossing
102,Maddy,Di Maria,jjvzD57yVjzU,mdimaria2t@flickr.com,7924199423,935 Sunfield Way
103,Letty,Senechault,8xppXCr5sED,lsenechault2u@dropbox.com,8792151075,3228 Sachs Point
104,Garv,Matityahu,WAcvc36PBD,gmatityahu2v@opera.com,5942706673,3220 Porter Pass
105,Darryl,Batchelar,hpsGlrcUn,dbatchelar2w@ow.ly,2334283262,0 Schiller Parkway
106,Niccolo,Finlayson,gUGD9w,nfinlayson2x@msn.com,4107244764,62091 Londonderry Terrace
107,Mozes,Cosgrive,9qwD3xdq2R,mcosgrive2y@senate.gov,4057235807,734 Lakeland Avenue
108,Georgette,Fahrenbacher,jB1bg2REag,gfahrenbacher2z@usatoday.com,8315233037,8 Bowman Pass
109,Matthieu,Savile,lb1n1LA,msavile30@harvard.edu,9587577486,49617 Paget Lane
110,Bibby,Smorthwaite,jKsi8mOmyLL,bsmorthwaite31@simplemachines.org,9617492900,9347 Sherman Street
111,Mitzi,Pochon,5hGOMtx,mpochon32@clickbank.net,5155552579,5183 Oakridge Drive
112,Noel,Maplethorp,synHbFWw,nmaplethorp33@aol.com,7036778391,49 Waywood Alley
113,Deny,Mushet,vhZ7HZrwpnT,dmushet34@bizjournals.com,8121614615,26474 Northland Plaza
114,Chelsea,Rentelll,Zi2dnJBX,crentelll35@hubpages.com,4468831786,24 Mayer Avenue
115,Gallagher,Senten,735WIQb3GWlH,gsenten36@creativecommons.org,5424207709,9056 Caliangt Road
116,Paulo,Craigie,ffQo9tcdwXx,pcraigie37@nbcnews.com,7176888699,22 Shelley Plaza
117,Russ,Essam,xsqHStC1S,ressam38@telegraph.co.uk,6432862362,376 Mallory Center
118,Jacklin,Geldeford,XtDP8LNCnz,jgeldeford39@thetimes.co.uk,1495376481,14265 Melrose Lane
119,Christy,Rembaud,wHsx69Om8,crembaud3a@blogspot.com,2181572824,23 Everett Terrace
120,Benn,Briiginshaw,G9zTlIBkd8JX,bbriiginshaw3b@eepurl.com,1675550667,4165 Summit Avenue
121,Fitz,Peart,5kqIjDgRC,fpeart3c@jugem.jp,6123607605,0023 Anderson Circle
122,Fawn,Songer,rgbJEfI,fsonger3d@flavors.me,4619582862,0035 Toban Road
123,Sorcha,Plesing,4PVyKWMmP,splesing3e@liveinternet.ru,7413516718,7249 Dryden Road
124,Monica,Josephsen,O7WlGvA,mjosephsen3f@i2i.jp,4333185590,135 Anderson Hill
125,Brnaby,Chavey,evzGV7QW,bchavey3g@auda.org.au,8897454066,179 Monterey Plaza
126,Rossy,Borel,GfWpTzNuW,rborel3h@reddit.com,7602363711,23372 Bultman Avenue
127,Kayne,Train,NjumfCdB,ktrain3i@nytimes.com,8723415790,3958 Macpherson Alley
128,Jocelyn,Simchenko,K1LFExGMSR,jsimchenko3j@yelp.com,9572043434,5 Packers Pass
129,Casar,Cellier,5TuPvuBv,ccellier3k@mozilla.com,5057359654,6 Caliangt Center
130,Karrie,Mibourne,IO3Ulu3,kmibourne3l@mlb.com,1945198493,8929 Fisk Place
131,Leigha,Teece,XFsgrTXoJPz,lteece3m@wikispaces.com,3416453277,91332 Havey Court
132,Shurwood,Glendza,s6G4sscrwNx,sglendza3n@xrea.com,6335785886,327 Carioca Alley
133,Osmond,Wigley,2wZvOTb,owigley3o@cisco.com,9543532739,5074 Scoville Parkway
134,Nicola,Woodwin,myxwF7QPr33,nwoodwin3p@amazon.de,4124090533,41 Calypso Drive
135,Alvis,Pabel,2cH3edMe,apabel3q@house.gov,6686705100,2 Petterle Park
136,Krishna,Rodell,DpIc0Em8n,krodell3r@slideshare.net,1163403728,4655 South Alley
137,Pauli,Oldroyde,TtYDs4WM,poldroyde3s@paginegialle.it,9351602349,86632 Saint Paul Trail
138,Claiborn,Attwoull,miSjM7,cattwoull3t@sciencedirect.com,2088069906,7 Ridgeway Junction
139,Reagan,Friel,tIhUtmYpD,rfriel3u@sciencedirect.com,4747518938,1 Summit Alley
140,Urson,Woolfall,Xl8esIt,uwoolfall3v@soup.io,7507212007,75202 Morrow Road
141,Yolane,Foister,65R3BPi6d,yfoister3w@chronoengine.com,7761905702,69 Starling Place
142,Gilberto,Bercher,CC8LIpVFx6Xe,gbercher3x@dropbox.com,2543490818,6774 Graedel Place
143,Derry,Bengtsen,zx5xOgLNY6A,dbengtsen3y@home.pl,1003761051,46 Sachtjen Way
144,Perkin,Stobo,JpVwOQY2L,pstobo3z@t.co,4593271523,274 East Plaza
145,Zerk,Berick,Xc07lUeu0W,zberick40@xinhuanet.com,9268428220,15401 Pepper Wood Center
146,Griffin,Cottom,1Wjuqf6fheU,gcottom41@phpbb.com,3579524671,0 Mesta Circle
147,Barbabra,Kempston,6ptWq893Uu81,bkempston42@yolasite.com,2757785630,76 Debra Drive
148,Ernaline,Ferres,AiqywsJtR,eferres43@jugem.jp,5725626545,16 Oak Valley Terrace
149,Paule,Schuh,13FNmbK9mtu,pschuh44@weebly.com,1085944365,83777 Glendale Hill
150,Nikola,O'Hagirtie,xI8Zr6A148i,nohagirtie45@engadget.com,8454979766,187 Washington Crossing
151,Missie,Pedrazzi,zJupblQI,mpedrazzi46@ox.ac.uk,4209177689,49 Alpine Center
152,Jasun,Monaghan,l0qK7rt,jmonaghan47@comsenz.com,6245943559,29 Hayes Lane
153,Norby,Aris,EeRAXrlCQc,naris48@prweb.com,7138479764,0 Armistice Hill
154,Gennie,Johananov,mF1777r,gjohananov49@slashdot.org,3489492178,1529 Sugar Parkway
155,Antonella,Goatman,pVHePQtzq,agoatman4a@cafepress.com,9779744178,0195 Oak Valley Park
156,Peria,Stanett,G2jdWWWiKm,pstanett4b@cpanel.net,4159960666,118 Farragut Parkway
157,Ailis,Hanfrey,TB6INRyiGu,ahanfrey4c@odnoklassniki.ru,9244850458,7654 Dennis Center
158,Myer,Easthope,bcadlaITHIiH,measthope4d@sina.com.cn,3344852444,42335 Washington Court
159,Michele,Lakeman,YsORyd2m7174,mlakeman4e@redcross.org,8679479649,5338 Sutherland Trail
160,Lalo,Lyston,kOF7Prx,llyston4f@vinaora.com,7341126916,55163 Nancy Lane
161,Nissie,Ragot,weuIJBEWFd,nragot4g@marriott.com,7173987474,031 Mockingbird Lane
162,Addy,Carabine,2LFxUi69kuDc,acarabine4h@barnesandnoble.com,5729504117,7 Bunting Place
163,Marjie,Torrans,YrDV9X,mtorrans4i@ed.gov,5732061437,58 Pond Point
164,Kaspar,O'Shevlin,KVNN2Q,koshevlin4j@patch.com,6759492710,88195 Orin Center
165,Ciel,Mumberson,HYknaxk,cmumberson4k@privacy.gov.au,6429235854,6394 Mitchell Junction
166,Aylmer,Thick,rUmObiz,athick4l@mashable.com,5477808509,31668 Ruskin Drive
167,Cathlene,Coneley,xcI7pFvNHEr,cconeley4m@ovh.net,2479631414,61796 Northfield Drive
168,Joann,Asipenko,dx3jCmP7FK,jasipenko4n@discovery.com,5521662350,17 Schmedeman Avenue
169,Saw,Driscoll,rwbpieU,sdriscoll4o@pen.io,9725773065,75 Straubel Center
170,Coreen,Tissiman,RihO0HrdqC,ctissiman4p@dell.com,8025571522,136 Scott Center
171,Eleanore,Prantoni,qGfBwc,eprantoni4q@mapquest.com,7999356400,514 Walton Point
172,Fan,Croughan,f0ZqT8D4055D,fcroughan4r@hubpages.com,1481775844,6234 Hansons Crossing
173,Eben,Pantlin,iHT53i9LAFEQ,epantlin4s@techcrunch.com,2075855930,15611 Glendale Place
174,Nev,Blaze,qfmEQzYEy5T5,nblaze4t@dropbox.com,7559065010,50 Utah Junction
175,Renee,Bruckshaw,TBzo3e,rbruckshaw4u@netlog.com,2368154414,6031 Ludington Way
176,Jemmy,Fealey,HkzQjBEW7p,jfealey4v@mtv.com,5909098804,1073 Huxley Street
177,Amerigo,Akroyd,gGcdaz,aakroyd4w@pinterest.com,6547464782,504 Menomonie Court
178,Mendel,Bimson,aeAi0tiN,mbimson4x@weibo.com,1219151205,74230 Leroy Trail
179,Murry,Kliche,rVB9wcqxTB,mkliche4y@chicagotribune.com,7108564141,4931 Green Drive
180,Abram,Sweetnam,F7xsVtD8d,asweetnam4z@yellowpages.com,9104906834,88571 Moulton Plaza
181,Yvon,Tixier,JPrlSBFtx,ytixier50@boston.com,9363085109,2792 Bayside Junction
182,Skippy,Muddimer,Kax2eroprD,smuddimer51@indiegogo.com,5266263700,89 Northview Road
183,Roxi,Kissick,9mXl4hQFy,rkissick52@plala.or.jp,9841853911,1952 Farragut Park
184,Babb,Donaway,nTMJLaBDddHL,bdonaway53@mediafire.com,5769751677,22 Grasskamp Circle
185,Rosalinde,Bamfield,tSzjzazR,rbamfield54@creativecommons.org,5349392452,649 Green Ridge Avenue
186,Jacquetta,Armytage,CC6KTHlv1OS,jarmytage55@sciencedaily.com,5022974549,22 Badeau Pass
187,Kerrin,Prothero,S6yG0215kTw,kprothero56@accuweather.com,1203275226,08 Northwestern Drive
188,Tawnya,Miall,jLOUO4,tmiall57@apache.org,5938905462,2 Grayhawk Avenue
189,Ann-marie,Spurden,ftcHAcxsW2LZ,aspurden58@arstechnica.com,6471005639,68519 Brown Crossing
190,Mathilde,Brok,Dj4Ar1gcW,mbrok59@ucsd.edu,4746671213,93 2nd Road
191,Jarrod,Bartolomeo,XzPeC9A,jbartolomeo5a@blogspot.com,9214953975,06 Hansons Park
192,Cedric,Rennard,XJiYuj0m,crennard5b@wsj.com,2354754350,62697 Little Fleur Street
193,Stephannie,Citrine,tqTJ4PRQUj,scitrine5c@histats.com,3906212628,321 Bellgrove Alley
194,Maxie,Meegin,MDEtofFbBRv,mmeegin5d@wufoo.com,3184356034,90826 Prairieview Park
195,Vassili,Booler,yRauxZkYOMd,vbooler5e@gov.uk,2552378580,20258 Blue Bill Park Street
196,Amanda,Bartalot,Q87AOE4daQB,abartalot5f@wsj.com,7728075522,97 Novick Parkway
197,Danyette,Maffucci,0mxbQqLvxoi,dmaffucci5g@guardian.co.uk,2475592494,942 Anderson Pass
198,Alyssa,Heffernan,LoNaybXd,aheffernan5h@xing.com,7368140140,7 Lukken Way
199,Terry,Kores,dbo7XJ,tkores5i@alibaba.com,4555369110,711 Fair Oaks Avenue
200,Merwyn,Forte,KK2EiM0vlcf,mforte5j@intel.com,9464912720,1654 Bluejay Avenue
201,Travus,Loughlan,0ZVUp66mc,tloughlan5k@hubpages.com,7555181877,7880 Sutherland Place
202,Marsh,Hansemann,q8WO4Nz,mhansemann5l@cornell.edu,9286237805,31 Kenwood Hill
203,Far,Charlotte,hN8D1PdiE,fcharlotte5m@nationalgeographic.com,9828150108,2 Mendota Court
204,Reider,Gurley,vqjHZx4DBZA,rgurley5n@lycos.com,8824204326,92368 Shoshone Road
205,Bobbe,Skokoe,IyHI9SL6C,bskokoe5o@apache.org,9121580313,4 Vera Junction
206,Elbertina,Castro,vp0CuWIO2,ecastro5p@icio.us,4019915851,1536 Lillian Terrace
207,Eleonora,Darte,DjUqgoBtD,edarte5q@newsvine.com,9417654656,966 Rigney Court
208,Carri,Yeardsley,9kXMnt,cyeardsley5r@phoca.cz,7849155420,15 Fremont Center
209,Jordan,Braim,ibLVX7D,jbraim5s@sakura.ne.jp,5162072227,895 Moulton Road
210,Heda,Lapley,31IAgHGbGj,hlapley5t@networksolutions.com,5852174480,74 American Court
211,Britt,Brumble,D1zPI1,bbrumble5u@msu.edu,8698998108,3 Lighthouse Bay Junction
212,Raynard,Ellinor,SUZUWe,rellinor5v@msu.edu,1092647831,975 School Hill
213,Trip,Sagerson,ezvG00w,tsagerson5w@umn.edu,3607586118,002 Mallard Street
214,Agustin,Ashness,NJVMBwLLf,aashness5x@biblegateway.com,6818224861,60 Fulton Trail
215,Mei,Weepers,0KMIOHsbl,mweepers5y@businesswire.com,8329615172,853 Hollow Ridge Hill
216,Corina,Boardman,hIauDAFk,cboardman5z@yellowpages.com,3411498592,4 Hallows Point
217,Thacher,McCritichie,cvbzDoTk,tmccritichie60@paypal.com,6051532576,2 Mendota Circle
218,Shay,Game,I4e0BkBReq,sgame61@example.com,2324200863,1 Buell Junction
219,Yancy,Fahrenbacher,NHMiwnRg,yfahrenbacher62@photobucket.com,5859274330,61 Fordem Center
220,Giorgia,Headech,jsLFey5a0y,gheadech63@ow.ly,6913890219,14423 Ridgeview Point
221,Nicko,Claeskens,wvwJUZp7Lb,nclaeskens64@multiply.com,3882709274,50036 Manitowish Court
222,Madeline,Marzele,4vyrsW,mmarzele65@soup.io,1695174202,2119 Raven Court
223,Joelly,Hussell,vBpjQQ,jhussell66@paypal.com,5002852421,0 Hanson Street
224,Brice,Glasby,g3ZOuX,bglasby67@scientificamerican.com,7362434881,93196 Fairview Hill
225,Natasha,Bresnahan,4edCWgDkKof,nbresnahan68@netlog.com,4766157483,01 Shelley Street
226,Zack,Saxon,7lB77sVg,zsaxon69@multiply.com,7684415232,77 Haas Street
227,Wynn,Botcherby,A6llbxq,wbotcherby6a@time.com,8225901919,44741 Warner Hill
228,Ruthi,Middiff,Er6c88cxo,rmiddiff6b@squarespace.com,6695751951,80 Clarendon Plaza
229,Arlena,Hinkens,UFEOI0wjA6a,ahinkens6c@eventbrite.com,1284132722,8018 Independence Avenue
230,Kimberli,Collie,RsexW2JV,kcollie6d@europa.eu,3253561320,80360 Grasskamp Circle
231,Cecile,Aartsen,dED484c,caartsen6e@github.com,3478501058,160 Dovetail Terrace
232,Celinka,Schiell,8rkGZyaGUUd,cschiell6f@creativecommons.org,4239391955,6930 Veith Place
233,Elinore,Boise,sebSC4rag,eboise6g@weebly.com,1798655869,876 Dayton Avenue
234,Rozanne,Hake,XEZaMKUOrJl4,rhake6h@msn.com,7419804442,762 Hoard Way
235,Junette,Klimas,XRq2ay,jklimas6i@instagram.com,8157662415,6166 Red Cloud Court
236,Gabbie,Drews,1lOnGeDkJM,gdrews6j@guardian.co.uk,8023454221,0 Merrick Drive
237,Tedra,MacLaren,UZ4whVZlm6wu,tmaclaren6k@google.cn,7389388121,4 Annamark Parkway
238,Jard,Grills,g40G4qrVM,jgrills6l@163.com,9561497331,8803 American Ash Pass
239,Eyde,Capehorn,QfKe5vce,ecapehorn6m@ca.gov,4391261264,2 Lindbergh Trail
240,Matelda,Danihelka,14WEJcFU,mdanihelka6n@dagondesign.com,6796628956,88764 Manitowish Point
241,Sergent,Spinke,kC4Sam4fcqO,sspinke6o@smugmug.com,4231470515,69776 Service Lane
242,Jillene,Penman,5gqrrr,jpenman6p@nba.com,6068806352,021 Southridge Circle
243,Riley,Hubbock,Ghqb4KA56T80,rhubbock6q@wix.com,1614737092,6487 Anderson Center
244,Margery,Bonallack,M8pqLz3DqH,mbonallack6r@newyorker.com,5686622842,18 International Center
245,Obie,Mattocks,gOFstMtN0MH,omattocks6s@yandex.ru,6384151246,4 Norway Maple Terrace
246,Clio,Newberry,XWVVQPhDsqZK,cnewberry6t@goodreads.com,3725820776,723 Eastlawn Hill
247,Eadmund,Beach,L57PDPG,ebeach6u@opensource.org,8742515364,7 Derek Trail
248,Corilla,Maharry,NSPhxngoqlF,cmaharry6v@shop-pro.jp,5632156447,6864 Corscot Terrace
249,Tawsha,Tomkin,ENEvlwcrd8,ttomkin6w@histats.com,9002925873,85 Portage Hill
250,Paddie,Hollingsbee,MZACCj4,phollingsbee6x@stumbleupon.com,5456152498,7 Corscot Court
251,Cammi,Oloshin,D4eMA79jo7EU,coloshin6y@theatlantic.com,3843128204,5104 Menomonie Road
252,Lilith,Ikin,GqU9E1t,likin6z@reddit.com,4117270180,0 Westerfield Place
253,Dukie,Griswaite,5apUA3lQnU,dgriswaite70@pen.io,6093555023,1326 Rusk Court
254,Terrijo,Eddington,Bkzs9u,teddington71@wufoo.com,5484389812,64100 Gale Avenue
255,Faunie,McGloughlin,r93SQwRP,fmcgloughlin72@hibu.com,5076371193,05033 Mosinee Park
256,Killy,Wherrit,SlT5fxeX,kwherrit73@google.com.au,8449997479,97 Homewood Road
257,Cary,Pellman,IK1BPlBGJ2K,cpellman74@kickstarter.com,7876358300,0425 Northport Plaza
258,Jonathan,Heintsch,A8Sws9aw,jheintsch75@ucsd.edu,5653553614,69 Lighthouse Bay Park
259,Rutger,Lipsett,Bwb7juoGj,rlipsett76@cpanel.net,5866146252,4952 Truax Avenue
260,Cordy,Alenichicov,ssX0YY,calenichicov77@wufoo.com,4158704444,5 Hooker Drive
261,Daile,Axelbey,FpP0VaPYmm8q,daxelbey78@quantcast.com,4879015385,78571 Miller Parkway
262,Ardelle,Bowering,UTk54Yc,abowering79@elpais.com,5856924393,882 Bunker Hill Avenue
263,Alisa,Massen,ouMLjlctnWrg,amassen7a@cisco.com,9994607391,81624 Ridge Oak Plaza
264,Eduino,Wilmut,wTI43sM,ewilmut7b@booking.com,5935832596,76 Stephen Pass
265,Heall,Abram,MLy2jB,habram7c@blinklist.com,3219585062,225 Killdeer Road
266,Gertrude,Lowing,rYw1I6yaLHbS,glowing7d@accuweather.com,8554102444,4619 Michigan Junction
267,Phip,Farn,ArbwBVj,pfarn7e@hatena.ne.jp,6537460213,33009 Welch Street
268,Suzie,Selliman,13NIycV,sselliman7f@newsvine.com,2932373628,887 Green Crossing
269,Stu,Tidcomb,WrokETHWvrP,stidcomb7g@oaic.gov.au,4844808804,4 Vernon Point
270,Gabriel,Buckhurst,G323bZVEJ,gbuckhurst7h@issuu.com,9523646690,20 Heffernan Crossing
271,Winonah,Knappitt,I1JIvmOCW6o,wknappitt7i@disqus.com,5532991811,0 Roxbury Hill
272,Cahra,Settle,2PcUVx,csettle7j@bloglovin.com,6866485911,932 Fair Oaks Place
273,Emelen,Gores,vjmcpP1Q,egores7k@dedecms.com,5393122469,1 Di Loreto Point
274,Amity,Freeburn,IfV5BpG0,afreeburn7l@booking.com,5091962279,63654 South Road
275,Sally,Ghilks,tjHxFg,sghilks7m@soundcloud.com,8502621715,50104 Oak Alley
276,Gavrielle,Arington,awJlCBib8,garington7n@topsy.com,4484364868,71 Melvin Plaza
277,Kelly,Schollar,KyDJ6FZ5iDMl,kschollar7o@hexun.com,1858072975,914 Oneill Trail
278,Maxy,Clewett,97Hc3oa04aR,mclewett7p@altervista.org,8968608350,839 Stoughton Terrace
279,Camille,Romagosa,RCxU12grO,cromagosa7q@wired.com,7123567482,90859 Walton Court
280,Janot,Streak,O5GAWKlEj,jstreak7r@privacy.gov.au,9017249294,1503 Duke Center
281,Lucian,Dewire,90hWjM,ldewire7s@usnews.com,6715702994,19 Macpherson Place
282,Jannelle,Picken,5N7rBOr1qYF2,jpicken7t@t-online.de,1847884008,98 Corscot Road
283,Mohandas,Izzett,q6jaSK3B8b,mizzett7u@squidoo.com,5409795157,80 Dwight Crossing
284,Sayers,Morit,CRiqk9v6niME,smorit7v@hexun.com,5585382745,45958 Schiller Terrace
285,Georgena,Westmarland,749ZQzlz4Fl,gwestmarland7w@webeden.co.uk,1907548586,89231 Clarendon Trail
286,Ely,MacMychem,rDsH0EzuHD3,emacmychem7x@printfriendly.com,7536812044,505 Iowa Crossing
287,Goldi,Yong,NezoncB,gyong7y@hhs.gov,7694823805,76866 Schiller Drive
288,Shelby,Hirth,OoNIRkKX3,shirth7z@walmart.com,7056637197,9 Eggendart Road
289,Fredrika,Lockie,5vdeF1UdEgp,flockie80@reverbnation.com,5348106399,67 Hudson Road
290,Ode,Paish,twoMSciUwwH6,opaish81@sphinn.com,1925180894,3681 Thierer Trail
291,Goldarina,Biggin,Ggkw5T,gbiggin82@pinterest.com,7468936214,253 Lakeland Avenue
292,Natassia,Galbreth,eNVmsI9yHry,ngalbreth83@sourceforge.net,4663231018,4 Mcbride Circle
293,Aime,Leaburn,k36ZlHSn3GI,aleaburn84@fema.gov,2041643191,00 Everett Alley
294,Dasi,Aukland,eYdWbF4fMrv4,daukland85@jigsy.com,2516923883,5722 Schlimgen Place
295,Thomasine,Abadam,4U0tZUf,tabadam86@businessweek.com,5263047842,34820 Fairview Alley
296,Faith,Beesey,uR2Cpp5Y,fbeesey87@mit.edu,4865859757,7 Drewry Street
297,Matti,Coleyshaw,rPfu2t2HYT,mcoleyshaw88@biblegateway.com,8322544110,73072 Mendota Park
298,Fredia,Deschlein,qQqkfm,fdeschlein89@domainmarket.com,7238321617,4 Independence Crossing
299,Gabby,Stallwood,eXCCAQxP3BB,gstallwood8a@si.edu,7026529721,7415 Northport Street
300,Phebe,Bewley,pOV9u0BLdwrn,pbewley8b@last.fm,5118866580,51 Manufacturers Drive
301,Stillmann,Stanner,0xTtm3qgEF9,sstanner8c@cnn.com,1673950478,21773 Morrow Junction
302,Lilias,Pattingson,e4zSErq,lpattingson8d@independent.co.uk,8555046852,30705 Eastwood Junction
303,Cynde,de Najera,EQFZwO77w9zY,cdenajera8e@devhub.com,7103175179,77 Morrow Road
304,Deeann,Younie,RL6ncZPf8oIr,dyounie8f@goodreads.com,6334407321,7558 Melby Pass
305,Elden,Boothroyd,dqtpoO2,eboothroyd8g@nih.gov,6914715408,2971 Jenifer Way
306,Janine,De Laspee,f05nLJdOi,jdelaspee8h@skyrock.com,9683351517,300 Ohio Plaza
307,Reagen,Shackesby,oSb0PBWSyEy,rshackesby8i@army.mil,6269051171,420 Loomis Court
308,Adriaens,Kenforth,x3wofg1,akenforth8j@purevolume.com,1309884839,73741 Melvin Drive
309,Sophey,Lugard,5ozaFuF,slugard8k@360.cn,3935089269,9645 Badeau Place
310,Ezra,Lesor,u2app8KEt,elesor8l@springer.com,3821160408,010 Russell Terrace
311,Libbey,Drummer,ikISwjv5C8QV,ldrummer8m@house.gov,5925953753,79 Morning Court
312,Calida,Joly,8eoJ128,cjoly8n@archive.org,5174702057,75 Cambridge Hill
313,Rahal,Sextone,7wqNxJFz,rsextone8o@google.fr,1095545566,48474 Sunnyside Place
314,Emory,Lusher,B4eBAfQU,elusher8p@dmoz.org,3145994618,056 Oneill Center
315,Lisetta,Gainsborough,bQRSVXlWZ3N,lgainsborough8q@ft.com,3917258274,77260 Transport Hill
316,Ximenez,Maps,T3HLDY8W,xmaps8r@cnet.com,3762542328,24 Thackeray Place
317,Sherie,Wolfers,xuxe1DIR,swolfers8s@oakley.com,6526940717,9 Warbler Plaza
318,Erica,Whatford,vDtvQxCHgE7i,ewhatford8t@posterous.com,2075819664,6 Scoville Alley
319,Janina,Wogan,BiCLW60aOiOx,jwogan8u@upenn.edu,4651741675,85 Gerald Drive
320,Ulrike,Rubinsaft,XgLD9SkC,urubinsaft8v@squarespace.com,8132002406,7 Stuart Terrace
321,Jenine,Domniney,bP8HJurksx3,jdomniney8w@macromedia.com,7866041891,5 Sachs Drive
322,Cammy,Arrandale,rGBTU8V6,carrandale8x@trellian.com,8121482280,1018 Forest Dale Drive
323,Blisse,Aulds,NcApFCfkwJ,baulds8y@gov.uk,5658656763,339 Dennis Road
324,Charlie,Youster,59pl9C,cyouster8z@indiatimes.com,4801163753,320 Ridge Oak Park
325,Sandie,Sweett,eauOBSFVOYk,ssweett90@nydailynews.com,9235888223,1622 Talmadge Circle
326,Philippe,Lumsdaine,IHr5N7BFdv,plumsdaine91@amazon.co.jp,2678602537,56511 Iowa Pass
327,Bobbie,Doumer,tYe3Z3Qru,bdoumer92@xinhuanet.com,9901273453,425 Forest Run Plaza
328,Willard,Pele,u6aIBZcr6LTa,wpele93@last.fm,4325888753,65 Comanche Avenue
329,Inger,Baumann,AtpG1Mc,ibaumann94@columbia.edu,9585223549,1365 Dunning Court
330,Audrye,Hailwood,dkqPsQdT,ahailwood95@wikipedia.org,4092307882,61 Lawn Place
331,Hallsy,Reade,fwI0Z2ZgV,hreade96@parallels.com,9875945315,86 Cardinal Junction
332,Nikki,Baroc,EOXqGAUe5CgA,nbaroc97@fema.gov,4263037355,0450 Dakota Terrace
333,Addie,Fieller,MaxaQLN,afieller98@walmart.com,5813661932,5633 Scoville Alley
334,Laurence,Nickols,kiT5qK,lnickols99@facebook.com,5565523042,94776 Springs Crossing
335,Murdoch,Beloe,UiKQzh5,mbeloe9a@ox.ac.uk,5026107560,641 Vermont Park
336,Erich,Natwick,Rm46FzPxp,enatwick9b@studiopress.com,7868800318,70 Mosinee Circle
337,Erick,Pittel,VCLf8Ov,epittel9c@businesswire.com,5446581891,1 Derek Alley
338,Walsh,Crannach,r64DiMl1e,wcrannach9d@sitemeter.com,7915132947,91453 Towne Terrace
339,Carolynn,Capell,MvDjzW,ccapell9e@opera.com,1734708110,886 Hintze Drive
340,Felisha,Peers,7eMHlUX22,fpeers9f@japanpost.jp,8147285078,3 High Crossing Crossing
341,Feliks,Riha,FpoEIq0Bl,friha9g@sogou.com,5125820688,445 Helena Drive
342,Quinton,Hatch,f9n7oMUa,qhatch9h@desdev.cn,2476010741,40791 Glacier Hill Pass
343,Ketti,Yankin,v1Nec8EVNd,kyankin9i@jiathis.com,4827047636,7 Elmside Terrace
344,Katherina,Santry,vG9uRRiXgW,ksantry9j@discuz.net,7841402639,963 Barby Plaza
345,Gennie,O'Glessane,WMeZp2t,goglessane9k@lulu.com,3522220786,1589 Ramsey Road
346,Ram,Milroy,Z5f1nlED53GH,rmilroy9l@bbb.org,5379321961,07012 Manufacturers Junction
347,Winfred,Morsey,FDJeplx9t,wmorsey9m@imageshack.us,4351335523,01 Maryland Plaza
348,Brenden,Riglesford,2SSoPZbMx0,briglesford9n@google.com.au,3769264585,57 Mallard Pass
349,Murdoch,Gerleit,XS7FwIY,mgerleit9o@toplist.cz,4914262535,5729 Washington Terrace
350,Klarrisa,Patterson,G6wYBjYfau,kpatterson9p@cisco.com,9709627101,7440 Rowland Street
351,Cathe,Dolton,fd1fY0o,cdolton9q@ezinearticles.com,1722079959,5060 Summit Road
352,Arin,Henriques,Ep76amAav0zc,ahenriques9r@cnet.com,1398002534,400 Gateway Terrace
353,Anallise,Van Son,8yEuo0NkkQnM,avanson9s@plala.or.jp,8107870137,368 Ridge Oak Court
354,Willi,Mouan,trsvevk1HeK,wmouan9t@tinypic.com,8012524505,98 Eagle Crest Avenue
355,Jolie,Waber,Aw3TjuonaVUm,jwaber9u@slideshare.net,3011595536,1 Westend Center
356,Bobbi,Lowde,BTcGBIRDBOAN,blowde9v@google.es,3121319013,33141 Oriole Road
357,Biddy,Henrichsen,bgvkaM8hr,bhenrichsen9w@reuters.com,8285133854,265 Susan Point
358,Flory,Mealham,YLURE1pDkiW,fmealham9x@a8.net,6914556316,55 Miller Plaza
359,Munmro,Lawdham,DkIYc4,mlawdham9y@rediff.com,6712850140,5 Towne Park
360,Jock,Conklin,jaKneTzPcv,jconklin9z@yellowbook.com,3262497298,7215 Larry Drive
361,Dorree,Sail,jxM2y8N27,dsaila0@baidu.com,4112190330,1394 Banding Circle
362,Shir,Dicey,hkWAkt4BQz3A,sdiceya1@scientificamerican.com,1099811132,55747 Wayridge Terrace
363,Austin,Battaille,P0imIiHBpC1,abattaillea2@whitehouse.gov,2722681027,694 Pearson Crossing
364,Hubie,Stillwell,xvPvBkDO61,hstillwella3@edublogs.org,4091474604,8 Rigney Parkway
365,Layne,Chimenti,QgcWYz6AAa,lchimentia4@icio.us,7073391923,6866 Loeprich Lane
366,Mason,Dennistoun,yMTXPz,mdennistouna5@reverbnation.com,8335702707,54101 Bashford Hill
367,Camile,Wase,J8BGg7i3mIb,cwasea6@youtube.com,9412456646,3513 Sutteridge Hill
368,Flossie,Killcross,ui7CKN,fkillcrossa7@buzzfeed.com,2111496973,9160 Columbus Trail
369,Carver,Angliss,NcWBZKb,canglissa8@chronoengine.com,3806222732,27 American Road
370,Kelsey,Chedzoy,sIvxWIBzigCC,kchedzoya9@tinyurl.com,8588422770,8 Arrowood Way
371,Rodd,Blower,oNbDZT4bi0xQ,rbloweraa@whitehouse.gov,6325669050,06166 Service Place
372,Merline,Norfolk,OpJFOc15,mnorfolkab@cloudflare.com,5512680076,420 Green Court
373,Obie,Grise,6Y8e8D,ogriseac@elpais.com,9536981960,3005 Old Shore Pass
374,Nilson,Dutnell,7EV8nrJ,ndutnellad@craigslist.org,2985135137,9316 Rigney Road
375,Juline,Malpass,1r5OI5QduSvP,jmalpassae@wunderground.com,3421337061,61 Oriole Trail
376,Olga,Bake,bjDiboOxV,obakeaf@goo.ne.jp,2383366025,041 Manley Avenue
377,Boycey,Caudray,cBkVGSUB,bcaudrayag@spotify.com,7518002127,1 Ruskin Lane
378,Swen,Antoniades,R0hzw87QAKL,santoniadesah@flavors.me,9894171650,0511 Erie Junction
379,Shawna,Pock,ZTXcAnmjo,spockai@altervista.org,5507986861,539 Larry Terrace
380,Cathrin,Antonognoli,vCX9kJGgsm,cantonognoliaj@reverbnation.com,3137589376,57438 Aberg Drive
381,Bunny,Konzelmann,iZ5yfAFyd,bkonzelmannak@statcounter.com,2828975806,6656 Pennsylvania Parkway
382,Joly,Bonder,YWx1OOxGQpY,jbonderal@ustream.tv,9393944141,51206 Stang Hill
383,Romain,Broose,623hJN3SfxF,rbrooseam@opensource.org,9031659963,3 Cody Street
384,Dennie,Lyfe,C0xxZbr,dlyfean@buzzfeed.com,8883040007,3 Fulton Way
385,Mickie,Tarren,5IwrXgWY5h6,mtarrenao@people.com.cn,2239274831,11 Hoffman Hill
386,Gordie,Gierhard,9OKvHWTj,ggierhardap@pinterest.com,6895876911,22753 Sutteridge Plaza
387,Idell,Alderson,kA7Gsx,ialdersonaq@themeforest.net,3781915266,369 Packers Point
388,Raven,Merrill,ZAmi4mVLvh5,rmerrillar@prweb.com,7706559387,040 Washington Hill
389,Panchito,Donner,rvDZzLAdD,pdonneras@baidu.com,3715464468,9526 Ryan Drive
390,Dunc,Bessent,3iRt9yoz,dbessentat@github.io,9283911047,4251 Mayer Plaza
391,Gilbertina,Malloch,cys6AGwP9h,gmallochau@un.org,9167088669,5646 Continental Hill
392,Brook,Caveau,myqrbmqV,bcaveauav@dot.gov,4939541345,7 Corscot Terrace
393,Claudian,Alenichicov,uBd739Q3Y,calenichicovaw@g.co,3415695026,701 Killdeer Crossing
394,Gennie,Duchesne,PQokXLQ,gduchesneax@archive.org,9047828867,06 Badeau Road
395,Albina,Bythway,D2TUKOjGp,abythwayay@oakley.com,5975819002,1462 Browning Place
396,Raina,Woolvett,B3WZDHphe,rwoolvettaz@themeforest.net,5931374441,2 Kedzie Court
397,Richy,Wiggall,nS4WFCQNdD,rwiggallb0@woothemes.com,9221430513,3 Surrey Street
398,Mose,Angood,qcBCIdf0sX1X,mangoodb1@chicagotribune.com,3438553250,6142 Erie Way
399,Wallas,Abdon,OEvm2y,wabdonb2@webs.com,9173193164,4007 Randy Road
400,Loraine,Pooly,q18j0wLWnpR,lpoolyb3@simplemachines.org,5134441544,6 Parkside Terrace
401,Shena,Overill,3RYwxE00W,soverillb4@opera.com,5512308708,6324 Laurel Drive
402,Ivan,Duckworth,qCut2GUV31,iduckworthb5@dot.gov,3556923664,85535 Mayfield Circle
403,Christina,Killingbeck,Of1VCQ0rv,ckillingbeckb6@naver.com,8611693668,24920 Cardinal Alley
404,Malachi,Habbes,jF52L315pp8F,mhabbesb7@flickr.com,8766153156,691 Emmet Point
405,Harrie,Volage,7ccAEgI7r,hvolageb8@arstechnica.com,3508526628,7967 Sycamore Court
406,Aurlie,Dennidge,h5NKFuu,adennidgeb9@slideshare.net,9231987263,8 Melody Plaza
407,Shepard,Tafani,fDX6t9fWLbW,stafaniba@wordpress.com,7607276136,5840 Eagan Pass
408,Jacques,Sloan,13uYwdi,jsloanbb@sphinn.com,4822528871,508 Bashford Terrace
409,Leena,Severwright,QfE0Yq34R,lseverwrightbc@walmart.com,1985192921,972 Farwell Junction
410,Shay,Benard,BYP3IFUisU,sbenardbd@earthlink.net,4567295216,389 Norway Maple Avenue
411,Jozef,Boundy,8nyjgrWP,jboundybe@angelfire.com,2539698403,65 Bunker Hill Lane
412,Sargent,Carrel,VAG8iB3OnO,scarrelbf@ehow.com,9934032550,4979 Loeprich Road
413,Rickard,O'Nion,v76tQPEqOOlP,ronionbg@usa.gov,1495907266,6302 Barnett Court
414,Wallis,Surguine,UwY1WbP,wsurguinebh@angelfire.com,6786775923,6904 Carey Avenue
415,Uriah,Dudill,VtTSQMmeI8c5,ududillbi@pcworld.com,3179359666,07358 Monterey Parkway
416,Madelene,Wernher,OAvkkrueo,mwernherbj@cmu.edu,3581677840,4 Bowman Park
417,Jasmin,Rattery,hj802Cn,jratterybk@about.me,6121830429,468 Northwestern Place
418,Ediva,Vennard,sD4jQjN,evennardbl@list-manage.com,5374819423,008 Hoard Terrace
419,Galina,Stile,G5xKL2nYuW1,gstilebm@cloudflare.com,5188264521,455 Summer Ridge Avenue
420,Nicoli,Skells,GF0EPum,nskellsbn@icq.com,5235121214,3252 Kennedy Circle
421,Nolana,Chiplin,ZB48WB5pyplE,nchiplinbo@spiegel.de,6623218341,26659 Lake View Lane
422,Garret,Sheldrake,lpmLrq85,gsheldrakebp@ibm.com,2809344035,6 Donald Plaza
423,Kurtis,Hanscome,EWViLP,khanscomebq@amazon.co.jp,1463293545,77888 Forest Dale Junction
424,Earvin,Mullineux,yHiZn0Wk3T5s,emullineuxbr@auda.org.au,9248056055,63054 Superior Park
425,Illa,Alison,BQ82t62oAC,ialisonbs@drupal.org,7839195050,4613 Northwestern Terrace
426,Fara,Grishakin,ghvvwFd71,fgrishakinbt@wisc.edu,2238609577,93719 Fieldstone Court
427,Gregor,Dexter,twcqEP,gdexterbu@rambler.ru,7748699831,01 Center Alley
428,Alejandro,Brosoli,7dacyiN7x0,abrosolibv@blogger.com,8281658890,415 Doe Crossing Center
429,Vivie,Hatrick,CIe40hlF,vhatrickbw@feedburner.com,7016855321,6 Division Terrace
430,Cecil,Copozio,7PrKeF,ccopoziobx@ucla.edu,4659944364,939 Monument Way
431,Ferdy,Cortes,did3kd,fcortesby@salon.com,1035220947,148 Armistice Park
432,Dalston,Gentil,Jphrxasy,dgentilbz@zdnet.com,7788816290,9246 Butterfield Crossing
433,Walliw,Hirschmann,OIpOfSrnxb,whirschmannc0@eepurl.com,3672227150,44697 Macpherson Street
434,Lennie,Philips,X9c0t4YgVvj,lphilipsc1@eventbrite.com,5826239293,13495 Dwight Park
435,Dayna,Godbehere,QKGuXCddd,dgodbeherec2@berkeley.edu,1999153524,16958 Porter Plaza
436,Danit,MacGaughie,OE4pcM,dmacgaughiec3@wordpress.com,6945401198,6847 Kipling Junction
437,Ansel,Brailsford,BaQGeYts,abrailsfordc4@alexa.com,4895531176,672 Jana Junction
438,Foster,Jatczak,WD1V5jvT,fjatczakc5@slashdot.org,5662078756,1 Lakeland Center
439,Yvonne,Grzesiak,GhFY8d1lY9vl,ygrzesiakc6@omniture.com,6152567553,34122 Lillian Court
440,Maribelle,Swyn,79W4AQhvTa3,mswync7@jiathis.com,7032004608,87192 Veith Junction
441,Royal,Haskins,TtzUEK,rhaskinsc8@washingtonpost.com,8972884818,71672 Chinook Alley
442,Tyne,Carpmile,Fv2WISi1uCHj,tcarpmilec9@ibm.com,8717419868,6 Golden Leaf Circle
443,Cad,Edelston,ZpPBI30MG,cedelstonca@google.co.jp,9603785705,8 Bunker Hill Road
444,Regan,Thornley,D0SFUl3XzT97,rthornleycb@fema.gov,2583061098,36 Mallory Drive
445,Berenice,Vondrasek,fWrlR3jbxiV,bvondrasekcc@smh.com.au,3493526310,471 Monica Way
446,Nana,Maclaine,VEkaufVjqE,nmaclainecd@liveinternet.ru,7647239543,0517 Schiller Circle
447,Rori,Worboys,fAbLRP8ecew,rworboysce@ihg.com,8215393857,022 Rowland Place
448,Daniele,Tunney,zYN5gG0SW,dtunneycf@free.fr,6645043972,25533 Eliot Circle
449,Brynn,Stredder,Y2ImRI8,bstreddercg@mediafire.com,7615396275,628 Daystar Pass
450,Angelica,Hinchon,voPVo26Db,ahinchonch@pen.io,9113354898,294 Montana Plaza
451,Vern,Ballach,fzxTuSyLNC,vballachci@sun.com,1312080467,27450 Dunning Hill
452,Annice,Kilfoyle,AGmb3uO,akilfoylecj@ox.ac.uk,7726143461,6 Canary Plaza
453,Kathrine,Le Franc,XO5g5RgFsJP,klefrancck@blinklist.com,7606068869,08502 Pepper Wood Avenue
454,Bernete,Anger,h8z1ac,bangercl@wiley.com,9604660199,610 Fallview Street
455,Cary,Olrenshaw,UJlEFS,colrenshawcm@reddit.com,6251801812,225 Red Cloud Point
456,Carlynne,Strauss,QHSS6JCqSWf0,cstrausscn@usatoday.com,5559168131,1 Utah Circle
457,Foss,Stango,6NTgpfBsXJ,fstangoco@discuz.net,8053679496,2643 Green Drive
458,Jolynn,Ronnay,beFTpSMWB,jronnaycp@ed.gov,1288438552,2 New Castle Pass
459,Tiff,Trappe,R7PIFXepQZJ,ttrappecq@51.la,7817067199,602 Brickson Park Alley
460,Pail,Prandy,LdEq8DeTTiP,pprandycr@businessinsider.com,1885419946,3038 Barby Point
461,Alexandra,Haffner,WMFxLg6ht,ahaffnercs@nbcnews.com,2882243637,757 Crescent Oaks Way
462,Ceciley,Gilffilland,G4OFKr47xqw,cgilffillandct@marriott.com,6896471675,89 Amoth Drive
463,Maison,Poe,qKB6SIvjh2v,mpoecu@unc.edu,5875462581,3263 Melody Pass
464,Jeanne,Jonas,vgFbSHLt15,jjonascv@1und1.de,3495479087,234 Prairieview Road
465,Rivy,Bratty,8FKyolgHtXe,rbrattycw@mediafire.com,5846196663,0634 Bellgrove Circle
466,Tedd,Grahlman,snlPfqxwJcj,tgrahlmancx@independent.co.uk,6867170222,670 Oneill Court
467,Ericka,Empson,GfptzK,eempsoncy@amazon.co.jp,3747657723,0187 Eastlawn Pass
468,Codie,Seyers,vQL8PPwfE,cseyerscz@digg.com,7725310986,0571 Acker Hill
469,Terry,Barents,kxPCAzO0v,tbarentsd0@youku.com,6889956664,81 Graedel Lane
470,Lucy,Dell Casa,Yuqlkf,ldellcasad1@hexun.com,8154854456,06241 Fulton Road
471,Natka,Messruther,PdMMw59y,nmessrutherd2@g.co,7021125362,0505 Oakridge Point
472,Marthe,Garbar,aaYgRs9GzxS,mgarbard3@ibm.com,6062807318,2151 Debra Crossing
473,Guthry,Popelay,u8NGVkBk9uT,gpopelayd4@oaic.gov.au,4413789364,470 Londonderry Terrace
474,Laura,Schapiro,3Uw6uS,lschapirod5@imdb.com,6527248004,33 Coleman Point
475,Anabella,Prevett,WBiQIbES,aprevettd6@cisco.com,2721373132,33 Hintze Alley
476,Smitty,Tilby,q33oBg9Q,stilbyd7@dot.gov,4125027629,7572 Randy Crossing
477,Corissa,Dootson,nCGeRUmmCOVk,cdootsond8@noaa.gov,2019429905,87 Gale Circle
478,Greg,Tuckwood,9Yze6xOHU,gtuckwoodd9@imdb.com,7334010956,6872 Eagle Crest Drive
479,Loria,Batten,r6kUYwb,lbattenda@typepad.com,7608356620,7149 Butterfield Pass
480,Agretha,Longman,gcdOj9ta,alongmandb@yale.edu,6062023173,1 Clyde Gallagher Place
481,Jaine,Deacock,0t6uJBqTG,jdeacockdc@google.co.uk,2788036649,268 Superior Junction
482,Mallory,Cuffe,A34Yj2,mcuffedd@google.co.uk,8096289650,0 Clemons Road
483,Allin,Duckers,Tq6b2Db,aduckersde@com.com,9102479076,1526 Di Loreto Alley
484,Zonda,Stebbin,P2UdlTkfRTG,zstebbindf@npr.org,1005832167,860 Sugar Alley
485,Alric,Trunby,XEo1HB,atrunbydg@omniture.com,9075581216,3534 Bay Drive
486,Nester,Martins,SjnUmNK7vez,nmartinsdh@hexun.com,2105608590,2029 Elka Crossing
487,Sisile,Redhills,JrpVbjPKrRKZ,sredhillsdi@wordpress.com,8271582126,765 Knutson Way
488,Norine,Stein,zGpTFz,nsteindj@ted.com,5725774894,97 Tennessee Junction
489,Gerome,Hartland,I5iBFHA,ghartlanddk@va.gov,5925495131,70366 Hollow Ridge Circle
490,Audrie,Furber,68LRyld7,afurberdl@angelfire.com,4083944363,1627 Sunnyside Junction
491,Jacquenette,Navaro,uq0B7H,jnavarodm@businessweek.com,9701997579,588 East Street
492,Marylou,Kleisel,hO83WSM8W0m,mkleiseldn@cocolog-nifty.com,9294013559,8073 Mockingbird Crossing
493,Gene,Honacker,ntx73n7JmfuE,ghonackerdo@ehow.com,5971359713,812 Dwight Place
494,Margit,Maskrey,7t6p09,mmaskreydp@slashdot.org,2972902779,274 High Crossing Junction
495,Elmer,Bohler,qzmsAD,ebohlerdq@washingtonpost.com,8661939026,96475 Bartelt Trail
496,Scarface,Farady,JsG8no7u,sfaradydr@wikipedia.org,7317334578,0 Acker Terrace
497,Arlee,Riddich,mQlW8Ba,ariddichds@japanpost.jp,2067082683,6753 Graceland Court
498,Abigael,Twinn,pF3XGltJbX,atwinndt@nsw.gov.au,9378480731,172 Schlimgen Pass
499,Vinita,Merman,ePaLk3o,vmermandu@java.com,4935683261,3793 Springview Point
500,Hester,Meneo,OEV37EdIS8Ks,hmeneodv@edublogs.org,8249663656,847 Anhalt Way
501,Timotheus,Donohue,yUIg7YsBB0R,tdonohuedw@hatena.ne.jp,5984673533,5895 Chive Trail
502,Walther,Galbreath,t4zJmAHT3,wgalbreathdx@wunderground.com,6408275618,7386 Division Trail
503,Briana,Bramwich,jFzcRG,bbramwichdy@wikimedia.org,4229995878,63 Ridgeview Point
504,Alexio,Matieu,a11FcP5mK,amatieudz@google.es,1613987239,748 Melby Plaza
505,Annalise,Pechan,EvAkXp5Jn5xg,apechane0@google.es,2773278776,34 Toban Crossing
506,Giustino,Beazey,weDhRHh2h,gbeazeye1@bizjournals.com,7775347949,8137 8th Alley
507,Joellen,Gilphillan,MzQCAH3O6YE,jgilphillane2@cocolog-nifty.com,7407329352,50 Glacier Hill Parkway
508,Mellisa,Shobbrook,YeqBNO,mshobbrooke3@mit.edu,9966627102,43994 Scofield Way
509,Ward,Haestier,PqQuA1Wda,whaestiere4@thetimes.co.uk,6614713297,1 Westend Junction
510,Mickie,Harriott,TxxXxGYGCwX1,mharriotte5@bbb.org,7825704618,9220 Carberry Crossing
511,Borden,Nendick,asku6rx1GPNc,bnendicke6@gov.uk,2862253709,45 Duke Alley
512,Krystal,Dougill,RRYbeKzA,kdougille7@webs.com,4675723894,42453 Comanche Road
513,Alaine,Flowerden,1PVEbn,aflowerdene8@npr.org,1127848394,8553 Union Junction
514,Caron,Bartlam,bTb2LMFoI3,cbartlame9@senate.gov,7211090173,85024 Kipling Park
515,Lynea,Coxhead,TWyA0E48wR,lcoxheadea@google.co.uk,8986515970,9004 Spenser Street
516,Giffy,Elkin,gSISA7LC2z7Y,gelkineb@1688.com,9148909355,5 Daystar Way
517,Sabine,Everleigh,EoHgiV2QahZ,severleighec@washington.edu,8683338252,79 Namekagon Center
518,Annora,Klimontovich,5DFU7Vi31hNA,aklimontoviched@uiuc.edu,3705911912,450 Duke Plaza
519,Vivianne,Michel,ecb5V1BK,vmichelee@uol.com.br,1431725817,6939 Amoth Way
520,Melvin,Purdie,x4VYs3stpY,mpurdieef@google.pl,7716830696,543 Parkside Pass
521,Sara,Cheyenne,nBhgfQJkgdA,scheyenneeg@nature.com,3636371509,63 Toban Trail
522,Melonie,Lunny,XBKdGpsqo,mlunnyeh@google.co.jp,7432063717,35 Loftsgordon Junction
523,Cinderella,Neesham,sw3iI4ZqSHT,cneeshamei@vimeo.com,4814994097,503 Carberry Trail
524,Gage,Phillps,7wBQ9P,gphillpsej@microsoft.com,2167015373,65 Northwestern Street
525,Leopold,Aires,gEIhDGF6IV,lairesek@wikipedia.org,9974014448,0 Holy Cross Circle
526,Boote,Semble,z0PwscDRV,bsembleel@sciencedaily.com,5035828428,13920 Hazelcrest Alley
527,Brandise,Staff,ofsBW4I49sIl,bstaffem@imageshack.us,2684286682,6 Rusk Lane
528,Leontyne,Hainey`,Yy9BbpCMmVv,lhaineyen@examiner.com,8132342765,13 Fairfield Plaza
529,Dominik,Hampe,2k9WjPp0h,dhampeeo@usatoday.com,5451348357,50 Sommers Trail
530,Dewain,Brower,AABFXIG,dbrowerep@opera.com,4358694777,5726 Ridge Oak Alley
531,Nell,Artiss,AMZksbR9FTW,nartisseq@independent.co.uk,3764257459,8243 Swallow Drive
532,Zebedee,Braisby,eiHdVKL6E1,zbraisbyer@istockphoto.com,6982910725,4790 Mosinee Junction
533,Hurleigh,Shuxsmith,OtR7oZB,hshuxsmithes@mashable.com,9159894255,90223 Bobwhite Center
534,Kirsti,Degg,4dT31N2pm4hE,kdegget@walmart.com,5372534666,41 Manufacturers Alley
535,Conney,Ambage,WyptfO,cambageeu@ifeng.com,1005177302,574 Ridgeview Way
536,Delphine,Manon,xnM4vkY,dmanonev@craigslist.org,6022293855,1 Barby Circle
537,Stephie,Gantzman,Y2PXE3,sgantzmanew@1688.com,4806210163,7 Sutherland Point
538,Barrie,Trudgeon,4NPCHgeIrkH,btrudgeonex@ca.gov,7328893447,91583 Emmet Plaza
539,Lucille,Leithgoe,g3tUnB,lleithgoeey@ow.ly,7974605684,3 Fordem Pass
540,Burr,Brearton,WlbZEctn,bbreartonez@naver.com,4226274053,2 Bartillon Avenue
541,Boony,Hefferan,2uue3BM,bhefferanf0@naver.com,8379396185,29 Scoville Parkway
542,Katey,Utterson,5Qe5Q5,kuttersonf1@omniture.com,7345221801,0282 Pearson Place
543,Rodie,Antliff,IvpKZEcTer6,rantlifff2@ask.com,6097163062,454 Kipling Junction
544,Ellery,Hirth,EAruDx12dkK,ehirthf3@ezinearticles.com,8749602231,369 Victoria Avenue
545,Ailsun,Bark,DqDs9mc3BYm,abarkf4@usa.gov,2088999183,628 Pond Hill
546,Jori,Fruish,IMOSGG,jfruishf5@epa.gov,4556398971,2 Eagan Drive
547,Paxon,Bril,PijZpCx8D,pbrilf6@mediafire.com,4142118780,00398 Mcguire Point
548,Mattheus,Scorey,aOWi4h,mscoreyf7@twitter.com,2828698167,9324 Mariners Cove Place
549,Alfreda,Melan,DAlRPlIuZz,amelanf8@jiathis.com,3475004033,54 Forest Court
550,Lanna,Schollar,mMN0XMGi,lschollarf9@google.com.au,3395003637,52 Starling Hill
551,Edith,Darey,lAqQ4B5,edareyfa@example.com,1761699116,16838 Montana Circle
552,Amalia,Pagnin,djgrEBVNj,apagninfb@gizmodo.com,2216194421,7891 Bellgrove Pass
553,Maddi,Cornhill,f6PVK3QqdlIc,mcornhillfc@spotify.com,3936597637,8471 Vernon Terrace
554,Vidovic,Malley,cr4llTW,vmalleyfd@usda.gov,1926678693,3 2nd Crossing
555,Mae,Zorzutti,r0BqegI2YIc,mzorzuttife@salon.com,8472093285,67 Lukken Park
556,Lazaro,Merrington,v3hc9hY6iCf,lmerringtonff@ameblo.jp,5033377327,14 Lien Circle
557,Aurelia,Fobidge,1UlTfiL,afobidgefg@theatlantic.com,2697926900,1 Stone Corner Center
558,Verge,Klesel,TyC5NKsdYW3I,vkleselfh@scientificamerican.com,8737328541,30524 Crescent Oaks Drive
559,Irene,Miklem,JvjTocTsE,imiklemfi@rambler.ru,4199756325,97553 Prairie Rose Alley
560,Nickey,Clausius,RKCCKq6qvEx,nclausiusfj@examiner.com,4245818907,405 Toban Court
561,Adan,Lehrle,m56A60o5MX,alehrlefk@51.la,9201204506,0430 Russell Lane
562,Isaac,Fenech,0WgxnKjK4ko,ifenechfl@psu.edu,1518945878,480 Graedel Circle
563,Phillip,Badsey,n2fC1g,pbadseyfm@shop-pro.jp,2448113277,504 Randy Avenue
564,Flory,Mynott,PZv1AAMUjYNQ,fmynottfn@yellowbook.com,5574909538,242 Havey Drive
565,Brew,Jurisch,KAEd2SOldJg,bjurischfo@ibm.com,3025206580,843 Mandrake Road
566,Clemence,Ashelford,7MCLIlCLd8,cashelfordfp@biblegateway.com,1254092204,11 Lakeland Point
567,Dulciana,Ipwell,Wwyv7X,dipwellfq@cnbc.com,3364651078,51392 Nancy Center
568,Burt,Tomanek,TUNPGQ4d3,btomanekfr@typepad.com,1737449768,72209 Blaine Way
569,Lucas,Scriviner,B6McbAFOkjuL,lscrivinerfs@so-net.ne.jp,5379699480,0 Crest Line Trail
570,Paige,Asser,39MPq52,passerft@samsung.com,4617566666,4 Bashford Drive
571,Jenny,Dust,DQueHs,jdustfu@reverbnation.com,9626143696,0 Toban Lane
572,Alexandro,Goodsir,QaslJ2exhP,agoodsirfv@myspace.com,3394974630,3 Donald Crossing
573,Dorrie,Officer,nvYOf9,dofficerfw@google.co.jp,8569214001,6679 Boyd Lane
574,Pascale,Pendall,wUdfbt5QE,ppendallfx@ted.com,8944560343,004 Sycamore Road
575,Penny,Burfoot,ugtIJ9,pburfootfy@tinyurl.com,7243668955,52898 Hanover Trail
576,Hershel,Swiffin,hxNopRVcfhB,hswiffinfz@mlb.com,9867671580,6 Golden Leaf Point
577,Syman,Bygate,EqUopf162,sbygateg0@fastcompany.com,5258081140,47 Elka Trail
578,Chicky,Godber,ro0nfL8e1T,cgodberg1@toplist.cz,7261784779,49 Lyons Trail
579,Reuven,Dowling,k9NfgklPCz,rdowlingg2@imdb.com,2042608952,750 Eggendart Park
580,Timothy,Collyer,JzrVihyWVIhd,tcollyerg3@fc2.com,4833109165,864 Pankratz Park
581,Bobby,Spennock,A2OX18FCa7,bspennockg4@csmonitor.com,2696309400,57 Barnett Alley
582,Lucretia,Swaffer,xWA9sLojk0,lswafferg5@goo.ne.jp,4241424580,06 Schiller Trail
583,Bonnibelle,Jeays,v8jvDuvkQc,bjeaysg6@house.gov,8807399575,053 Summer Ridge Hill
584,Marlie,Christin,U3JvXWw,mchristing7@thetimes.co.uk,2173422780,0126 Arrowood Place
585,Wayne,Kenworthey,OBBKvik,wkenwortheyg8@redcross.org,6774042840,77 Londonderry Place
586,Christean,Kinson,lmx8xjFPYKnh,ckinsong9@tumblr.com,7571934867,78451 Boyd Place
587,Lilas,McClaurie,uDhz4I,lmcclauriega@shareasale.com,7536587577,5 Hauk Plaza
588,Gifford,Huntress,KdPzOSEdwXu,ghuntressgb@nsw.gov.au,1784722835,1352 Warner Plaza
589,Jillene,Houlton,4IbyUhBU,jhoultongc@myspace.com,3134198675,32267 Merry Court
590,Brandtr,Beastall,pl0SC7A,bbeastallgd@a8.net,6229013944,50 Elgar Junction
591,Ella,Healey,7AO4JNI0Jk8,ehealeyge@amazonaws.com,7592220338,733 Melvin Street
592,Kenyon,Hayhoe,Am9nTZ,khayhoegf@jimdo.com,6864447063,779 Eastwood Alley
593,Dorothea,Esom,64dqsoH,desomgg@bigcartel.com,1363227081,38 Bartillon Trail
594,Felisha,Heading,QvLko1yd3Zh,fheadinggh@lycos.com,5163964449,79121 Stephen Terrace
595,Joe,Leyban,w7fpWOfQF,jleybangi@google.nl,7327330800,4057 Melody Place
596,Archibaldo,Trunchion,Ic8XiTNNfD,atrunchiongj@pagesperso-orange.fr,3243639444,19 Continental Center
597,Bethina,Ethridge,Wv1qveG,bethridgegk@chicagotribune.com,1002165020,6391 Debra Lane
598,Mendie,Overshott,pmg389djF2x,movershottgl@thetimes.co.uk,8817442742,953 Ryan Circle
599,Ardith,Lutman,VTh5O5xVptH1,alutmangm@ca.gov,2936397693,827 Mayfield Way
600,Cosmo,Roydon,FtCBLZjsL7,croydongn@techcrunch.com,5831627484,44095 Spenser Lane
601,Katie,Hestrop,hvtmC9AxZTrr,khestropgo@taobao.com,7289425711,0023 Lawn Court
602,Jule,Belvin,4cdQzq3Hs,jbelvingp@hao123.com,1876908474,8681 Acker Street
603,Alissa,Riseam,LB5Usj8g,ariseamgq@ucsd.edu,3961017915,1 Mendota Trail
604,Kirbie,De Bruijne,9IlP3ynHl5B,kdebruijnegr@opera.com,2254888224,80 Transport Way
605,Kori,McIsaac,Sv7HaLsRr,kmcisaacgs@de.vu,3509875520,20922 Lerdahl Hill
606,Darleen,Finlater,jnyrqQrD,dfinlatergt@deliciousdays.com,2238162120,6471 Jenna Trail
607,Danita,Corness,7bkSxHMHgM,dcornessgu@census.gov,7844295274,044 Gina Junction
608,Merwyn,Prebble,a10QOfx,mprebblegv@cornell.edu,2982151715,970 Manitowish Terrace
609,Mile,Ogger,pkgNtBFJ,moggergw@nih.gov,9671330321,3 Rockefeller Point
610,Maritsa,Eton,U1tYi5NvY,metongx@usda.gov,4739099700,22029 Schiller Drive
611,Lilith,Gilbane,k344O3Bxt,lgilbanegy@nature.com,9718531529,68 Kinsman Avenue
612,Josee,Dockwray,Jcslwl4U,jdockwraygz@xrea.com,2118620952,6 Lake View Street
613,Nola,Dust,Z5g4y1,ndusth0@nymag.com,8018923287,28966 Talmadge Point
614,Bobbe,Finker,T8vu5b,bfinkerh1@chicagotribune.com,8991757229,2 Hermina Avenue
615,Burk,Ratcliffe,gQIiKQZmwUim,bratcliffeh2@hubpages.com,5517871765,26101 Kipling Alley
616,Blinni,O' Reagan,zyvIL2L0j,boreaganh3@google.ru,4304290590,075 Larry Drive
617,Rory,Montes,7JSIA6YO,rmontesh4@mapquest.com,5181468173,00 Swallow Drive
618,Gayla,Coronado,WByOVcTdQ8hV,gcoronadoh5@geocities.jp,9761705887,54536 Claremont Pass
619,Karry,Laity,eWXGqNOG,klaityh6@artisteer.com,6848604324,3 Schurz Street
620,Kenyon,Kimmitt,upC4LX2,kkimmitth7@redcross.org,2648154862,6 Hintze Way
621,Suzy,McQuorkel,SqfE7W20,smcquorkelh8@berkeley.edu,4156558765,776 Pennsylvania Park
622,Mozes,Hartzogs,OheF5vRK,mhartzogsh9@google.fr,3712132836,70689 Eagle Crest Way
623,Michelle,Girardini,CHaH1eP9UxiV,mgirardiniha@is.gd,3013898322,794 Hintze Court
624,Melli,Heggison,S4gMigFJBh3,mheggisonhb@histats.com,4406535806,0860 Lerdahl Point
625,Zonnya,Kienzle,lh1DR0S3ncx,zkienzlehc@t-online.de,2166721641,4724 Bunting Trail
626,Corette,Welman,keJWY9Y9vqxW,cwelmanhd@360.cn,6852620599,59 Maywood Road
627,Irena,Thurman,X98JSM,ithurmanhe@mit.edu,1896571100,7907 Starling Drive
628,Martguerita,Champ,Av6z13gGiRPE,mchamphf@indiegogo.com,2014122544,061 Lakewood Gardens Place
629,Gabriell,Grishin,L8omuV,ggrishinhg@opera.com,2565500727,97466 Milwaukee Drive
630,Clementia,Jopke,QynccAAZaP,cjopkehh@accuweather.com,3846508367,222 Randy Pass
631,Aylmar,Rosel,7Tgo4DJ7avG,aroselhi@joomla.org,2403921896,4174 Fairfield Park
632,Rosanna,Greengrass,vrudPgrE,rgreengrasshj@nba.com,6469807448,2 Knutson Court
633,Gabrielle,Gewer,6ocCpQ63vr,ggewerhk@linkedin.com,7713306085,63170 Hagan Crossing
634,Georg,Verdy,CDfiSoedqy,gverdyhl@twitter.com,6196750306,0832 Holy Cross Junction
635,Dore,MacFaell,QEfra1KHd85E,dmacfaellhm@google.co.uk,1322760733,71276 1st Circle
636,Caron,Gencke,QY4YM8AvcnCq,cgenckehn@cbc.ca,3037305872,295 Crownhardt Lane
637,Andrey,Jenkison,xAJsHt8jPqR7,ajenkisonho@google.com.au,2674329877,64538 Prairie Rose Way
638,Shae,Wiltshier,g9GEqmtx6w4,swiltshierhp@hexun.com,5009991034,60 Steensland Place
639,Colman,McKinn,MNPI8zn7k6,cmckinnhq@homestead.com,2093235728,5953 Clove Terrace
640,Rois,Rigby,VE2HcW,rrigbyhr@hao123.com,8173798661,634 Wayridge Road
641,Lowe,Linkleter,7WOMKxigQVO,llinkleterhs@angelfire.com,1347005000,2713 Dryden Street
642,Noland,Gribbins,Htljz0,ngribbinsht@guardian.co.uk,4377552659,85 Westend Point
643,Shir,Keepe,4NEciDKspw3x,skeepehu@intel.com,9264192638,189 Sachtjen Way
644,Tedi,Slafford,hoZTWFgnMOc,tslaffordhv@opensource.org,9349979368,88078 Golf Course Center
645,Cesaro,Calendar,qO9cg5Tr,ccalendarhw@joomla.org,2825873974,2856 Superior Crossing
646,Arel,Haldon,gDjgtf,ahaldonhx@soundcloud.com,5125931768,870 Eggendart Avenue
647,Kilian,Jephson,aCBepuTuYB,kjephsonhy@rediff.com,6017802054,3601 Erie Road
648,Lexi,Geeraert,NCQJWlpe,lgeeraerthz@salon.com,5685118117,5313 Washington Trail
649,Branden,Ruzicka,8KJhthv40a,bruzickai0@bandcamp.com,5831525564,9 Dahle Center
650,Rochell,Tschiersch,CnV1j9MMekZq,rtschierschi1@hatena.ne.jp,1119875360,14710 Elmside Lane
651,Alberto,Reddell,vHpS9GHGbeh2,areddelli2@slashdot.org,3306540851,152 Spaight Avenue
652,Symon,Devaney,e20P6YQ,sdevaneyi3@pinterest.com,7194325591,08 Swallow Alley
653,Englebert,Rudledge,clBJpLqXQ,erudledgei4@a8.net,2743489341,65 Express Pass
654,Abagael,Croux,TFbxK4N7RC1,acrouxi5@about.com,6526663151,4622 Vernon Court
655,Maximilien,Ferminger,mVwabRB5sdI2,mfermingeri6@vk.com,8935714311,42 Paget Plaza
656,Hailey,Calderwood,sVrPfn,hcalderwoodi7@elegantthemes.com,7438006899,6 Main Hill
657,Lenee,Vurley,oigN1znR,lvurleyi8@phoca.cz,9819327131,53 Scott Trail
658,Robbin,Purkess,XvdNDwn,rpurkessi9@intel.com,8734527452,298 Havey Park
659,Toma,Bolding,sVfzcuqKJx,tboldingia@sphinn.com,4301398881,707 Center Way
660,Ermina,Sahnow,Gh1qRL4B,esahnowib@buzzfeed.com,5343443535,49 Steensland Trail
661,Dell,Rossetti,IqjWIhcMs,drossettiic@rediff.com,8503315261,4255 Alpine Park
662,Francisca,Lowey,rX0eIGmOv9Bo,floweyid@1688.com,1768658278,7437 Merchant Plaza
663,Ellene,Pol,QZKHTq8QhR,epolie@businessweek.com,1591122662,21404 High Crossing Circle
664,Robinet,Ciccerale,0i1b35Gwz7Y,rcicceraleif@prlog.org,7186070966,7564 Bonner Court
665,Janith,Glassman,am1J122WSYHd,jglassmanig@geocities.jp,8785085844,82 Kenwood Pass
666,Arlan,Wellan,NBna1fJ4RX,awellanih@omniture.com,8724281977,6099 Declaration Terrace
667,Booth,MacCracken,hebVsKf,bmaccrackenii@merriam-webster.com,5864678834,7302 Sloan Junction
668,Mair,Jemison,Dtcbz3IpA,mjemisonij@ca.gov,6831910090,8 Washington Parkway
669,Ruth,Rheubottom,S1JNpYdEQr,rrheubottomik@xinhuanet.com,2588950092,60818 Birchwood Plaza
670,Stephani,Zorener,M5liLBifszE,szoreneril@google.co.jp,8762917514,53865 6th Plaza
671,Colin,Wadie,bNQXrGHn,cwadieim@miitbeian.gov.cn,4979123995,9652 Karstens Crossing
672,Guglielmo,Callister,1QIom4Kk,gcallisterin@ask.com,1704700874,949 Superior Center
673,Ramonda,Arnout,3uYJtRWOKx6f,rarnoutio@nature.com,8258823595,96569 Pond Hill
674,Dilly,Rau,3cKLaOFZNI,drauip@clickbank.net,8668699043,9 Hauk Lane
675,Adrian,Lapree,37rGsEB6V3a,alapreeiq@sphinn.com,3938318976,06540 Kipling Pass
676,Gerda,Spain,d8OjfWlWZDa,gspainir@bbc.co.uk,8438478301,724 Mockingbird Avenue
677,Kiah,Asher,ttkkfMoRPN,kasheris@tinypic.com,4685105907,6388 Maywood Terrace
678,Gussi,Elion,8t2Ohzn,gelionit@seattletimes.com,7352553160,61488 Rockefeller Parkway
679,Cynthia,Mackriell,BYal1l,cmackrielliu@g.co,6445444368,53 Becker Pass
680,Heda,Stare,AtSjtC0knumr,hstareiv@xinhuanet.com,7235376443,532 6th Court
681,Philippe,Franchioni,KyvlCQ,pfranchioniiw@aboutads.info,1557635351,2 Melvin Court
682,Dasya,Ellinor,9YjHQtak1G,dellinorix@bing.com,6739044551,29 Kedzie Drive
683,Merill,Broadberrie,jm1l0jX2nv,mbroadberrieiy@dion.ne.jp,7415652615,5490 Hooker Parkway
684,Claudine,Garmston,WJOMLyc,cgarmstoniz@archive.org,4806694017,59 Crownhardt Circle
685,Kira,Brogiotti,LSUmWHDje8,kbrogiottij0@yahoo.co.jp,7524718816,2370 Rusk Way
686,Mariam,Curragh,ZmLn1H5i,mcurraghj1@seattletimes.com,7419441076,13974 Lunder Avenue
687,Carlita,Sex,clTQvOcz,csexj2@cafepress.com,2388777305,56517 Karstens Center
688,Jeanelle,Shulver,S2XaGI,jshulverj3@wordpress.org,5999374339,23503 Thierer Center
689,Marve,Klulik,DcxlMrn,mklulikj4@biblegateway.com,1157711521,6443 Springs Crossing
690,Electra,Tesimon,9DzXQruxRQ,etesimonj5@altervista.org,6209983699,6 Caliangt Street
691,Ingrid,Ashburner,YpEq76rQBz4y,iashburnerj6@bbb.org,3265190957,39402 Tennessee Alley
692,Timmy,Yuranovev,V3nwlcmL,tyuranovevj7@com.com,7432636466,11 Tennessee Pass
693,Fairleigh,Betton,VNNGwpFo,fbettonj8@engadget.com,1576552689,16 Garrison Avenue
694,Shana,Thickett,yuEK7Q2xP,sthickettj9@etsy.com,7241513530,95591 Glacier Hill Way
695,Alaine,Doge,TOTt0kYkp,adogeja@samsung.com,7638277779,040 Clemons Point
696,Milo,Egginson,FosOhOCJXIh,megginsonjb@umich.edu,1263956402,4 Maywood Alley
697,Lyn,Tregaskis,zwE8ssk4,ltregaskisjc@princeton.edu,9292302582,20218 Union Junction
698,Tawsha,Vyvyan,cU8Y7cf,tvyvyanjd@networkadvertising.org,1282830625,953 Southridge Way
699,Rozamond,Milesap,gAFwVOtGt7,rmilesapje@mac.com,3769629405,0898 Lakeland Court
700,Jacquelin,Hallewell,rcrXG5LCOG8,jhallewelljf@edublogs.org,5025043679,9322 Bunker Hill Drive
701,Huntlee,Lygoe,EVPelJ,hlygoejg@artisteer.com,3566406570,1095 Waywood Hill
702,Monah,Asey,vgNXYH4hTuv,maseyjh@last.fm,6565893624,26531 Coleman Crossing
703,Denis,Kauble,DtNM11v,dkaubleji@imageshack.us,2656475153,87885 Milwaukee Center
704,Pietra,Sickamore,3U7MwE4Xh,psickamorejj@typepad.com,9481416542,478 Hoffman Parkway
705,Chester,Echelle,qS8TRl4dg5XM,cechellejk@rediff.com,9079183053,93961 Comanche Point
706,Franklyn,Wasselin,xvUQsK,fwasselinjl@toplist.cz,5949696349,9850 Village Terrace
707,Gunar,McGriele,FZOi72zxweA,gmcgrielejm@163.com,2687941145,1930 Calypso Trail
708,Esmaria,Holdron,mgzCOq3ddiv,eholdronjn@blogs.com,6108682529,6939 Clyde Gallagher Hill
709,Toby,Paine,7AV9JwwgVT,tpainejo@moonfruit.com,6462407422,2 Stuart Point
710,Gavan,Wicken,vrfpq4vHM,gwickenjp@google.com.br,6084499516,39 Hauk Court
711,Tawnya,Comley,kENHUl,tcomleyjq@answers.com,2043857955,241 Calypso Circle
712,Jillayne,Walsh,Xm5dzk,jwalshjr@mit.edu,7002559937,8526 Hallows Drive
713,Rica,Gavaran,GytLcR,rgavaranjs@ucoz.ru,2157625870,82 Dorton Avenue
714,Temple,Schustl,9XlfpgL,tschustljt@cpanel.net,3612077113,37934 Menomonie Junction
715,Deeyn,Charnock,xifqMUc,dcharnockju@creativecommons.org,2075307366,0 Summerview Court
716,Nealon,Britner,kVCGmhzr2,nbritnerjv@oracle.com,7449483262,4 Prentice Center
717,Vance,Dyhouse,PgtSRG,vdyhousejw@utexas.edu,5611514028,6 Prairieview Parkway
718,Trefor,Teas,29YHnLCRonH,tteasjx@theguardian.com,7141210843,431 Gale Plaza
719,Tabbie,Rawsthorne,1zbXMNo57,trawsthornejy@angelfire.com,4672932737,2515 Kim Way
720,Leroi,Dagger,fok7EmNFdcLK,ldaggerjz@google.com.au,2875713517,5336 Fair Oaks Street
721,Celestyna,Kaley,ptbYfWBZPjL,ckaleyk0@bizjournals.com,5586840543,62 Division Road
722,Christian,Pietrzyk,OD9Co9,cpietrzykk1@spotify.com,6059910532,3885 Helena Alley
723,Nicol,Wroughton,gC3qZzj,nwroughtonk2@51.la,8095568923,859 Hauk Road
724,Mathilde,Rafferty,x9iCzoKYh,mraffertyk3@edublogs.org,7181218875,234 Warner Parkway
725,Pacorro,Storrier,mWCRv85G,pstorrierk4@aol.com,4413262642,09 Mallard Terrace
726,Stacee,Storton,aIR5aB,sstortonk5@a8.net,5397071736,3439 Sheridan Crossing
727,Fawne,Middas,BGWnGR,fmiddask6@e-recht24.de,5951096940,61 Kinsman Plaza
728,Tiphani,Sallinger,mO3l4uzSPn,tsallingerk7@drupal.org,3023398091,85471 Delaware Parkway
729,Hercule,Exall,kvjlckmtk77,hexallk8@pcworld.com,2338114043,112 Debs Pass
730,Aura,Colnet,qMpQOn0p,acolnetk9@house.gov,7936916740,974 Victoria Lane
731,Kim,Towner,bU14lt4Kjcux,ktownerka@zimbio.com,4991955602,0437 Bonner Crossing
732,Lise,Van Son,RThMxas9YxM,lvansonkb@gov.uk,4856061592,90272 7th Center
733,Kari,Breston,rP65vZzJ26T,kbrestonkc@nps.gov,5418357261,503 Bultman Plaza
734,Barnabe,Jakubovics,qhBDxbw1ltO,bjakubovicskd@geocities.jp,2012694459,15 Mifflin Parkway
735,Leonora,Yurivtsev,oJ6bEL9t,lyurivtsevke@ft.com,8016012393,5562 Cherokee Hill
736,Seana,Llewelyn,FqoWdq,sllewelynkf@wordpress.org,4352314151,02284 Colorado Street
737,Dory,Hunnam,WGxVu5V4WkVG,dhunnamkg@europa.eu,3056581460,4246 Marquette Terrace
738,Yorgos,McNirlin,9r1wQ0SKV,ymcnirlinkh@vk.com,8656241655,6100 Hoard Park
739,Adella,O' Mara,fZ2fAn,aomaraki@meetup.com,4168732822,24667 Crowley Point
740,Morris,Purnell,ImiWEtX,mpurnellkj@nationalgeographic.com,6009030001,945 Bluejay Drive
741,Tades,Fredi,O5c2p2,tfredikk@sitemeter.com,1442257615,76369 Ryan Avenue
742,Sherwynd,Kenion,tuorfvUq,skenionkl@slideshare.net,2742060943,2 Melby Park
743,Ellyn,Lujan,7ZrK5p5lBf0h,elujankm@prweb.com,6813690236,02366 Cambridge Hill
744,Eduardo,Fleetham,eoYO2IR,efleethamkn@senate.gov,6809072123,81029 Memorial Way
745,Thom,Crawshay,jC85KTS7rGjC,tcrawshayko@amazon.de,3611908524,0 Novick Plaza
746,Mallorie,Oliver-Paull,ANnyINqvwNLI,moliverpaullkp@ehow.com,1032347458,26842 Petterle Parkway
747,Rivkah,Van Waadenburg,XpAifIj,rvanwaadenburgkq@hp.com,8703888532,686 Dawn Plaza
748,Christi,Dobby,bhuewcPV,cdobbykr@mashable.com,7857750912,69 Browning Pass
749,Bent,Lowmass,va2E2w,blowmassks@omniture.com,9207814336,2119 Helena Crossing
750,Happy,Volante,gQDHy5E5Lc,hvolantekt@noaa.gov,7503171677,931 Forest Dale Park
751,Ora,Woodvine,8fnTe7nf4q,owoodvineku@drupal.org,2164203267,4 Warrior Alley
752,Vanna,Meegan,rgnaFRvHd,vmeegankv@unicef.org,5131151425,07 Dwight Lane
753,Kaja,Basillon,i76zZAJiO,kbasillonkw@java.com,1149280732,8030 Nancy Terrace
754,Roana,Levington,C9cZxxry,rlevingtonkx@arizona.edu,4343682442,60 Superior Lane
755,Nisse,Clutton,P3cqcYuKyQ,ncluttonky@cnbc.com,4014103715,8246 Drewry Center
756,Loreen,Bloy,IsOZWNDc3,lbloykz@liveinternet.ru,2282918602,4885 Northview Road
757,Calvin,Purches,ku7VdTa8muEC,cpurchesl0@amazon.de,1058546014,01 Goodland Court
758,Eveleen,Danell,qSpBuodsaX,edanelll1@plala.or.jp,5156912614,66919 Victoria Point
759,Lorry,Donnel,CflqLh1,ldonnell2@soup.io,8153235585,24 Kennedy Way
760,Dorella,Hawler,Em5sacXhyb,dhawlerl3@tripod.com,2254869689,795 Heath Pass
761,Lilli,Nenci,5eXUfPp2,lnencil4@hostgator.com,8453194101,3467 Almo Pass
762,Hanni,Delmage,WttwSxn0,hdelmagel5@uiuc.edu,3712211681,26675 Eagle Crest Parkway
763,Teodor,Abrahart,MOz8kDEBHhfw,tabrahartl6@slideshare.net,5921081511,9 Texas Crossing
764,Court,Dyet,yAUXvpQ,cdyetl7@howstuffworks.com,1768443576,681 Bay Street
765,Lemar,Couper,7jO0BjY,lcouperl8@chicagotribune.com,8317470069,5286 Dapin Pass
766,Roseanne,Stent,E6ICGjQgM,rstentl9@reuters.com,4035534603,70199 Sheridan Pass
767,Kit,Egdell,zkn6meqg,kegdellla@yelp.com,2532188655,7 Chive Road
768,Cob,Sawdy,ExeEhq2r97,csawdylb@instagram.com,3769206786,4366 Elka Court
769,Olivero,Cogley,VDx5qTyJtV,ocogleylc@usda.gov,7599099701,2 Lunder Hill
770,Jesse,Llewellyn,qr7sSKK,jllewellynld@hud.gov,6029363242,4 Shelley Park
771,Joya,Woolstenholmes,Jm4nEef1X,jwoolstenholmesle@gizmodo.com,6728589844,06 Sherman Drive
772,Latia,Karys,Wzv2Mjqp7x5,lkaryslf@g.co,4907671988,5217 Schiller Point
773,Chiarra,Weatherup,5CgRvR,cweatheruplg@dagondesign.com,2298997368,9 Garrison Park
774,Webb,Gogan,32PdvGFtTx,wgoganlh@hhs.gov,1173933061,55337 Northwestern Parkway
775,Lou,Thorley,gBYrNVvn0H,lthorleyli@stanford.edu,4428330427,273 Summerview Place
776,Wait,Brockman,85YsXq,wbrockmanlj@squarespace.com,8407188104,86 Harbort Center
777,Bay,Emmot,iFQhdG7u,bemmotlk@sohu.com,2367100719,19 Gateway Avenue
778,Morty,Cronin,MXG1gMz,mcroninll@netscape.com,8433913740,35 Golf Park
779,Mariya,Espadero,PvwteS,mespaderolm@people.com.cn,8094421026,49 Clemons Place
780,Clareta,Lodeke,tqmrbycJls6,clodekeln@kickstarter.com,1117902646,4 Surrey Drive
781,Steffie,Brightie,TnuijR,sbrightielo@squarespace.com,8112037396,35 7th Place
782,Donnamarie,Jiranek,ULq4lPwn5,djiraneklp@51.la,1496561102,2226 Schiller Alley
783,Craggy,Titlow,pexPNQG,ctitlowlq@wufoo.com,9261831149,86 Cherokee Park
784,Saleem,Shalloo,T7Z5xcoc5F,sshalloolr@nature.com,5614302081,2 Graedel Drive
785,Deloris,Garm,YKMpp41BMv,dgarmls@cbc.ca,2977414334,9 Myrtle Crossing
786,Demetri,Dhillon,Nl5m6PS,ddhillonlt@gnu.org,3655301971,2338 Forster Junction
787,Minny,Reynalds,cQqoUsS7k6hU,mreynaldslu@uiuc.edu,7935709480,6 Beilfuss Junction
788,Danyelle,Scarce,k6CkEGIF6dZ,dscarcelv@yellowbook.com,5923463041,83500 Vera Plaza
789,Salem,Silverstone,isENVGcX6,ssilverstonelw@vkontakte.ru,1429790084,47 Lerdahl Way
790,Leoine,Arp,th4m8jtDkZmF,larplx@qq.com,5506216922,9240 Waubesa Parkway
791,Cece,Deme,EyqXfyaR,cdemely@soup.io,3147628778,7 Hoard Park
792,Rafaello,Ainger,3H6gFvx,raingerlz@barnesandnoble.com,5052374472,4 Waxwing Hill
793,Viki,Amar,0irGdQV,vamarm0@china.com.cn,2893884730,2465 Arizona Plaza
794,Humphrey,Marmon,PuzwOw,hmarmonm1@lycos.com,7723910405,2100 Tomscot Drive
795,Augusta,Cofax,x9mmsxRm4UO,acofaxm2@ycombinator.com,8054768806,76 Gateway Circle
796,Robbie,Brundale,oGvHSEfUMc,rbrundalem3@hubpages.com,3012361586,01 Hoard Hill
797,Helsa,Fyfe,qjrjRv4,hfyfem4@telegraph.co.uk,4607916669,2246 Everett Road
798,Olivier,Cosgry,8EWjYnMs32YQ,ocosgrym5@businessweek.com,9698215734,64507 Havey Center
799,Goraud,Skowcraft,2Dbvtv6lC,gskowcraftm6@g.co,9506966407,3 Northport Circle
800,Jess,Spellissy,QAR3ZkI7k,jspellissym7@google.fr,5049955558,0 Blaine Alley
801,Orly,Dundridge,njrm8OxL,odundridgem8@gmpg.org,5102936232,0846 Forest Run Pass
802,Stephani,Weiser,l1gRmN,sweiserm9@irs.gov,3939384653,86 Derek Street
803,Nev,Rubenovic,2o4UB2p,nrubenovicma@taobao.com,1423844783,83190 Commercial Pass
804,Faber,Mc Pake,OnGZvKXtIiVb,fmcpakemb@wix.com,5357643838,301 Independence Street
805,Cindee,Eyer,qoKSw48Zp,ceyermc@behance.net,8563285783,542 Golden Leaf Place
806,Myrta,McComb,uprJuvEEi,mmccombmd@desdev.cn,1311196627,6787 Surrey Lane
807,Marty,Genny,agLYOg3vSjM,mgennyme@dedecms.com,9285887956,4 Garrison Avenue
808,Magdalena,Savile,in1Io6RD,msavilemf@photobucket.com,1436520505,80 Bultman Park
809,Felicle,McCall,UWEKrLTNjFBQ,fmccallmg@paypal.com,2826928213,9 Blaine Avenue
810,Kameko,Iacovini,MvkIJY,kiacovinimh@canalblog.com,3775796619,988 Pond Drive
811,Ricky,Folling,9vtbfJ7dY,rfollingmi@deviantart.com,5053805967,20 Helena Plaza
812,Hi,Frondt,VnNWZ2dpO,hfrondtmj@smugmug.com,8562955099,783 Mallard Hill
813,Jordan,Workman,1psW22dORms,jworkmanmk@networkadvertising.org,7265991516,935 Dexter Point
814,Terza,Jaffray,MHUTed,tjaffrayml@seattletimes.com,1223212492,93922 Cottonwood Center
815,Pauletta,Iacopo,pKODQ06,piacopomm@feedburner.com,5242093013,5450 Crowley Trail
816,Agnola,Gethings,uYB2OB0Yo,agethingsmn@youku.com,3616751606,2541 Northwestern Place
817,Alanson,Halwood,rBfdBtC,ahalwoodmo@diigo.com,6753120186,9 Harper Road
818,Malcolm,Anetts,ItOSqYAQjM9,manettsmp@typepad.com,3611409729,59479 Evergreen Alley
819,Bren,Tipping,TAXlAwUTV,btippingmq@berkeley.edu,2277336199,5695 Glacier Hill Court
820,Ludwig,Coley,MMxSdsdER,lcoleymr@adobe.com,5523901730,41137 Clyde Gallagher Drive
821,Costa,Eyrl,4JkkxbQRU,ceyrlms@boston.com,4392799199,3 Walton Place
822,Erminia,Desforges,6sMsYlCBf8j,edesforgesmt@google.ru,1381335781,16 Jackson Park
823,Cheslie,Piddle,rprz1AZ7mhn,cpiddlemu@va.gov,6564728868,533 Spohn Junction
824,Neron,Welden,M0fDfbSfxoj,nweldenmv@nih.gov,4905296588,79428 Autumn Leaf Plaza
825,Rosie,Kilgallen,EefJo4,rkilgallenmw@accuweather.com,4291746598,60466 Spohn Trail
826,Elisabet,Waddie,OBTskFvI4J,ewaddiemx@pcworld.com,1059327916,4077 Fulton Alley
827,Cherey,Vennings,x15AkXrovv,cvenningsmy@google.nl,7554806011,36798 Comanche Court
828,Garvin,O'Regan,zif0OBEt,goreganmz@chron.com,4014804656,22170 Oriole Pass
829,Kikelia,Gersam,MlvSHLx93c,kgersamn0@networkadvertising.org,7675291064,1807 Moulton Alley
830,Winnie,Sapshed,fiuM9Rsas83t,wsapshedn1@newsvine.com,2125766433,18 Holmberg Park
831,Mireille,Warboys,qjeG8lW5zxhl,mwarboysn2@walmart.com,5724838401,66394 Esker Trail
832,Gordan,Goldbourn,npy3hAh,ggoldbournn3@stumbleupon.com,4176538621,0852 Hallows Avenue
833,Stefa,Manon,CTbGiSpd2IBk,smanonn4@nps.gov,9992769969,52 Vidon Plaza
834,Leoine,Wadsworth,Hy2HwmZ,lwadsworthn5@home.pl,5731247379,86243 Schiller Center
835,Townie,Norssister,l9Hf0VyRvZVw,tnorssistern6@cyberchimps.com,3343342316,020 Bashford Way
836,Edeline,Daelman,KtexVx,edaelmann7@businessinsider.com,3574595572,408 Kim Court
837,Ahmad,Kops,9MJJa9N0Ow,akopsn8@google.it,8613609970,00 Butternut Hill
838,Renate,Kloisner,Lz6t5n,rkloisnern9@slashdot.org,4837000883,77 Melody Point
839,Stanfield,Sanday,7UjxbCFI6CPZ,ssandayna@aol.com,6845395745,103 Northfield Court
840,Carlota,Falla,MorWLsNlAkNy,cfallanb@vistaprint.com,6611095135,8 Mifflin Way
841,Brittaney,Tunno,0zm75aNrE0,btunnonc@odnoklassniki.ru,4888153732,9624 Arizona Pass
842,Ivie,Creasy,b68SRkKg3Cc,icreasynd@pcworld.com,9728334695,72986 Lerdahl Hill
843,Etheline,Oldrey,acZ51TwbtS,eoldreyne@ehow.com,7848369442,4320 Quincy Parkway
844,Lockwood,Bounds,0tT6NBKoSSoH,lboundsnf@symantec.com,8908375732,9 Fulton Pass
845,Julie,Klempke,tRPIoHpzeD,jklempkeng@chronoengine.com,2577858057,81314 Memorial Place
846,Byrann,Roseveare,7f3FzcMEJ3Qz,brosevearenh@topsy.com,9296635195,18991 Monument Trail
847,Christye,Covill,GKS2OsIT,ccovillni@ed.gov,6422184274,7 Morrow Junction
848,Muffin,Minard,Nwyraih,mminardnj@studiopress.com,8398571660,9217 Dennis Lane
849,Darelle,Mobbs,RPRKreMmrT,dmobbsnk@1688.com,7605028746,86599 Hudson Center
850,Adrienne,Trass,1rZTMJ,atrassnl@go.com,4323053394,9 Becker Trail
851,Carlynne,Luckman,uyfFD32,cluckmannm@usgs.gov,9751100001,5 Stoughton Center
852,Hieronymus,Goolding,KIpVExl,hgooldingnn@mapy.cz,6727333809,616 Morning Lane
853,Clifford,Ratledge,cvJjnTmX9h,cratledgeno@washington.edu,6619979733,1810 Scott Place
854,Eugen,McFetridge,2kirxcIzWM3a,emcfetridgenp@technorati.com,6901889900,582 Orin Plaza
855,Alaster,Coombs,lgg5MyP,acoombsnq@stumbleupon.com,4265370530,261 Fallview Place
856,Bondie,Niese,rzcBMAuJMYhd,bniesenr@quantcast.com,7966116324,1780 Cambridge Street
857,Cory,McCarter,hYBOdi6Bt,cmccarterns@chronoengine.com,9188848946,628 Commercial Pass
858,Maxie,Christley,hp6yW3i,mchristleynt@hao123.com,5893355014,7391 High Crossing Drive
859,Aleta,Knoller,y4tfGNARI,aknollernu@google.co.uk,9673654674,21189 Di Loreto Place
860,Wyn,Hiorn,tyub0bV1,whiornnv@miibeian.gov.cn,3236711978,390 Lunder Plaza
861,Esmaria,Akroyd,trM6p10wVE8E,eakroydnw@pagesperso-orange.fr,9069717558,479 Warner Point
862,Tilda,Cazin,dpLxD4i,tcazinnx@census.gov,1132972061,553 Tomscot Pass
863,Bel,Coneybeer,KFnwMJ,bconeybeerny@linkedin.com,9781167593,7283 Prairieview Circle
864,Kirsti,Mewton,zI4MoaUV,kmewtonnz@csmonitor.com,3661143740,70531 Hoffman Lane
865,Gaylord,Rangeley,ekGqWu6w9QTX,grangeleyo0@angelfire.com,6678848945,03335 Mayer Lane
866,Trueman,Spratt,HER2QPFr,tspratto1@pcworld.com,1803039325,6817 Bobwhite Junction
867,Andriana,Tewkesbury,jYqGjUD4gXU,atewkesburyo2@artisteer.com,8639518215,26 Cherokee Pass
868,Kennett,Phetteplace,nScu6Va,kphetteplaceo3@latimes.com,7358082228,8409 Sloan Junction
869,Mireille,Snaith,3prOOG,msnaitho4@nydailynews.com,4749719153,6074 Autumn Leaf Way
870,Aileen,Jovanovic,m2Jni7nC2PPF,ajovanovico5@google.ca,9629382173,920 Wayridge Hill
871,Joy,Everex,eGZfRGhrxP5,jeverexo6@ucsd.edu,8873470748,800 Hudson Pass
872,Haily,Jasper,AHC2P3o,hjaspero7@scientificamerican.com,1297074742,7 Columbus Place
873,Lonna,Kenworthey,GvPKbdde0c,lkenwortheyo8@google.it,2971871290,472 Pleasure Terrace
874,Zondra,Gambrell,xUrG6Up,zgambrello9@npr.org,5712792491,0 Moland Crossing
875,Katha,Sporton,8awF7whOE8,ksportonoa@youku.com,2104042955,8 Delaware Terrace
876,Boote,Pursey,kMcU246g1Dj5,bpurseyob@symantec.com,4523299274,330 Bultman Place
877,Bret,Rame,SrcwsUBgN,brameoc@tinypic.com,4518981207,1 Elka Alley
878,Nita,Swires,NvMxuyG1yB,nswiresod@japanpost.jp,6631987680,99 Springview Crossing
879,Noelyn,Johnsey,n9LoyqR67,njohnseyoe@pen.io,3728784752,2 Milwaukee Park
880,Theressa,Cherrett,bYqAeOCwHP,tcherrettof@netvibes.com,7289459166,59403 Butterfield Crossing
881,Perice,Leckie,cGudvoCOLSD,pleckieog@reddit.com,5219204466,92965 Mitchell Point
882,Lilah,Boarder,GMRI1yZYSZ6A,lboarderoh@etsy.com,5172257456,3 Kenwood Way
883,Laurence,Champneys,7lJ6av,lchampneysoi@berkeley.edu,3367995790,40981 North Street
884,Laurette,Rookesby,Psdr4cqbg5,lrookesbyoj@wikia.com,2032826228,845 Hoffman Crossing
885,Nester,Geeraert,dSXmBi,ngeeraertok@uiuc.edu,6796524367,97754 Old Shore Drive
886,Keary,Grindall,n6u9VE,kgrindallol@yolasite.com,1635865923,0748 Anthes Road
887,Hakeem,Lenaghen,8vwE4ZeNN4mQ,hlenaghenom@howstuffworks.com,9206578925,04 Lawn Alley
888,Che,Fey,XAAdyo,cfeyon@bigcartel.com,1131368535,14 Colorado Lane
889,Holt,Woolham,a0QgfNa5Tu,hwoolhamoo@youtu.be,6507930251,8642 Carey Alley
890,Elia,Reely,yU0odv5FrpWb,ereelyop@etsy.com,2135412086,5201 Westport Road
891,Enrika,Smallman,cixa70,esmallmanoq@ovh.net,6546301386,15 Canary Court
892,Maynard,Bussey,H1rZxG,mbusseyor@exblog.jp,2193868554,04187 Tennessee Plaza
893,Dael,Dunstone,Q1PHZZUiM4b,ddunstoneos@cbslocal.com,2863749097,9 Spenser Center
894,Andria,Tranter,5lb7uWKSKr,atranterot@slashdot.org,1063010679,51 Randy Center
895,Johnna,Zettler,cfgOYpgHy,jzettlerou@ucoz.com,9368935049,55201 Bartelt Street
896,Blair,Mapplebeck,AsCygmkNwGIy,bmapplebeckov@ted.com,7989179134,383 Gulseth Drive
897,Blondell,Broad,FdhmhUr,bbroadow@msu.edu,4342826367,437 Fairfield Avenue
898,Sherman,Baston,k6obDR5zJ6P,sbastonox@mapy.cz,1679291265,61693 Acker Terrace
899,Katrinka,Duckhouse,q9ym3CpN,kduckhouseoy@blog.com,9924290929,0785 Bluejay Center
900,Jae,Januszewski,s,k@bandcamp.com,1375225189,123 Campbelltown Hospital Street
901,Damian,Stucke,ibGWisdIiFAL,dstuckep0@aol.com,1585530782,63 Glendale Parkway
902,Dita,Padgett,xVdq36UOXR9X,dpadgettp1@mozilla.org,7383720606,996 Dakota Park
903,Tito,Kinforth,dpbme1eVAds,tkinforthp2@fastcompany.com,4077474597,03529 Grim Road
904,Bartholemy,Bubeer,j4ZDbg,bbubeerp3@amazon.com,5363471443,4051 Carberry Avenue
905,Fayina,Gyorffy,jO6ZODq,fgyorffyp4@marketwatch.com,5602140116,4 Stang Park
906,Adrian,Etty,1H3RscbLfK,aettyp5@e-recht24.de,3885624991,9 Holmberg Circle
907,Ranee,Vargas,7PSGu0vNMrp,rvargasp6@theglobeandmail.com,6195457189,3263 Shopko Court
908,Nelli,Duquesnay,pZrAXIJUL1M,nduquesnayp7@amazonaws.com,7311817086,5895 Burrows Point
909,Pail,O'Dyvoie,bvQo25bd0,podyvoiep8@slate.com,2215799118,04 Marcy Alley
910,Gallagher,Jorden,QoKqurvBZst,gjordenp9@spotify.com,1286319492,1860 Rieder Pass
911,Malcolm,Titford,oYLMPb,mtitfordpa@alibaba.com,2452209792,18 Sommers Court
912,Lucille,Peckett,9nc4sLB,lpeckettpb@theguardian.com,9395250393,52 Commercial Center
913,Arlie,Luxmoore,81e0WreyeK,aluxmoorepc@ebay.co.uk,2146128096,03 Lindbergh Court
914,Gardener,Langlois,4jqX9yiFM64,glangloispd@cmu.edu,8029958717,06871 Mendota Drive
915,Emlyn,Balducci,ArMSAl3,ebalduccipe@hp.com,6247635754,8323 Forest Dale Hill
916,Lonee,Jagiello,W8b9x1YeCa,ljagiellopf@dmoz.org,7129338506,790 Tomscot Crossing
917,Tildi,Tollerfield,MCM2o25WS,ttollerfieldpg@va.gov,7719349630,67 Maple Wood Drive
918,Cosimo,Tivnan,mGpHCHsEZq7,ctivnanph@samsung.com,6166524634,88 Rieder Way
919,Eugenius,Parkes,M2UbRQn45,eparkespi@google.nl,6313817375,7434 Northland Terrace
920,Ezechiel,Bloom,hf9pfZ,ebloompj@sitemeter.com,7252821687,1172 International Terrace
921,Manda,Mutter,PCJqMNAm,mmutterpk@oaic.gov.au,2414395337,75 Calypso Plaza
922,Lara,Jeckells,Fg2Z3EPcb,ljeckellspl@earthlink.net,5632914284,138 Talmadge Hill
923,Brett,MacDearmaid,mB8uM6xCpu,bmacdearmaidpm@skype.com,7962491230,6080 Muir Road
924,Danni,Mazonowicz,r3WCJ3GCT,dmazonowiczpn@bloglovin.com,2462819677,60 Luster Avenue
925,Elberta,Maddox,8LbYqJkObjn,emaddoxpo@techcrunch.com,3621676688,0589 Fremont Drive
926,Whitby,Roels,MTeVmsqdUIhq,wroelspp@cyberchimps.com,4799811894,75 American Ash Point
927,Carmelia,Carlon,0kjxfLO,ccarlonpq@earthlink.net,5796499674,527 Armistice Terrace
928,Lise,Scotchmer,YHgZpJY24IP,lscotchmerpr@google.it,1679298957,2879 Oriole Parkway
929,Filippa,Medling,7hOZcHHt,fmedlingps@stumbleupon.com,8941983256,3840 Goodland Trail
930,Felice,Rein,WjqzrhJ,freinpt@mac.com,9139393733,934 Northridge Drive
931,Aridatha,Autry,G1Ujh4n,aautrypu@dedecms.com,1653696633,56469 Welch Avenue
932,Randa,Loughnan,WomH3eC,rloughnanpv@privacy.gov.au,8069265208,5312 Sutherland Road
933,Lemuel,Gillbanks,mtzK2YD0hJ,lgillbankspw@51.la,5701780252,21 Debra Plaza
934,Farra,Barczewski,OgQZaopP,fbarczewskipx@about.com,1337240163,52 Hoffman Plaza
935,Hernando,Roscher,Up7wHKKBu,hroscherpy@ucla.edu,2242393370,89027 American Ash Point
936,Winne,Calvert,SWy2LDPtik,wcalvertpz@liveinternet.ru,3496159865,6 Laurel Trail
937,Tally,McPeeters,bw8w06U7C,tmcpeetersq0@newsvine.com,5441692156,7 Golden Leaf Crossing
938,Deanna,Iorizzi,lvHvgJRIk,diorizziq1@webs.com,6584389234,62710 Reindahl Place
939,Stanleigh,Cheatle,xuAXE0,scheatleq2@elpais.com,8316055997,8 Ridgeway Road
940,Cherri,Braddon,Ncsc0u0Iq,cbraddonq3@cisco.com,6859519223,9 Anzinger Circle
941,Carin,Simkin,VRS8GVDakn,csimkinq4@disqus.com,2882767832,598 Pierstorff Way
942,Martina,Lightning,g7ujDQyVM,mlightningq5@pagesperso-orange.fr,8744913964,308 Sheridan Hill
943,Catrina,Povele,olQ5W47KF9o9,cpoveleq6@oaic.gov.au,1461055080,40 Dahle Court
944,Amelie,Lambe,6weqZGbfsj,alambeq7@i2i.jp,8249656495,2 Fieldstone Trail
945,Tye,Wintersgill,QQHZcR9Nf,twintersgillq8@wunderground.com,7236821413,6 Melrose Lane
946,Herc,Findlay,AVz3sBN,hfindlayq9@ebay.co.uk,4712897368,27845 Melvin Way
947,Alexei,Fodden,wJSTWa81OF0Z,afoddenqa@hc360.com,3215238239,9649 Cordelia Terrace
948,Colene,Lamswood,odVg75,clamswoodqb@pbs.org,2788252891,9 Hauk Parkway
949,Nathanael,Huzzay,XvvXQ45,nhuzzayqc@stanford.edu,2561783157,29 Burning Wood Alley
950,Hebert,Jeandon,R8YQwk,hjeandonqd@unblog.fr,8704703618,6 Loftsgordon Place
951,Ingeborg,MacKartan,jHOeJVtE,imackartanqe@about.com,8005304133,7523 Maple Wood Point
952,Harriette,Auchterlony,SOia2PxorV,hauchterlonyqf@narod.ru,2045220701,54043 Dunning Street
953,Joane,Spering,pDjh1cjX,jsperingqg@vk.com,6148037096,49925 Morning Hill
954,Cedric,Ickovici,ehsWvRMK9p,cickoviciqh@samsung.com,3923241190,70 Algoma Place
955,Lorne,Quinlan,rlx8Q3tR,lquinlanqi@mayoclinic.com,9155796660,904 Sugar Circle
956,Petrina,Woodhams,1xdcA4LB,pwoodhamsqj@ftc.gov,1039168692,45120 Vernon Point
957,Margret,Jerams,pND8IYIUojc,mjeramsqk@fema.gov,4281201357,7612 Pankratz Alley
958,Andrej,Bechley,rVtx3w41fB52,abechleyql@msn.com,7095006712,487 Sommers Lane
959,Derron,O'Rafferty,buW55uz,doraffertyqm@liveinternet.ru,8405737470,935 Birchwood Circle
960,Hinda,Learmouth,5frCRosBiAs,hlearmouthqn@diigo.com,1362434527,512 Hoard Court
961,Ulrick,Rames,nxFlZw,uramesqo@addtoany.com,8759758759,876 Hermina Road
962,Abelard,Iori,32yIKaIzrVB,aioriqp@google.nl,8723515272,9 Namekagon Junction
963,Natividad,Emblow,x37t2mpddKuR,nemblowqq@ted.com,7598469584,681 Artisan Trail
964,Goldina,Eskriet,thji8eW9d,geskrietqr@live.com,8626441646,92 Gina Pass
965,Caritta,Sterrick,DdTo1Y,csterrickqs@blinklist.com,1099082449,754 Pawling Junction
966,Dot,Baselli,dp7ueJQY4,dbaselliqt@indiatimes.com,6696161540,8 Bunker Hill Parkway
967,Raffarty,Katte,SHJykL4zZs,rkattequ@examiner.com,6968884826,675 Sage Lane
968,Willabella,Perrottet,QlPBTAf,wperrottetqv@desdev.cn,5512076276,14627 Rusk Alley
969,Lotty,Batistelli,ByZ08sr125x,lbatistelliqw@ifeng.com,6285397898,9964 Schiller Drive
970,Dinnie,Pollok,kppt6jaE,dpollokqx@fema.gov,9459891030,292 Lien Center
971,Chelsy,Schaumann,neCgDjc4M,cschaumannqy@stanford.edu,1782088066,5788 Manley Trail
972,Bidget,Vockings,HLiVViH5pA,bvockingsqz@ning.com,8003902625,6341 Mallory Plaza
973,Currey,Kingshott,fhGekl,ckingshottr0@ow.ly,4297564491,5 Elka Hill
974,Cesar,Kahan,huWe8PkOde,ckahanr1@cargocollective.com,1286329259,41 Crest Line Alley
975,Amabelle,Wooldridge,9oVGXKWDnBRh,awooldridger2@dyndns.org,9205792035,20892 Clemons Pass
976,Bradley,Artin,vZas0hC,bartinr3@wix.com,7937039282,3 Havey Road
977,Lindy,Kearn,d4VRBMPSaAg,lkearnr4@forbes.com,7742633659,68688 Swallow Center
978,Rice,Rattrie,9AyeITfiwJ,rrattrier5@macromedia.com,8815588993,56766 Prairie Rose Junction
979,Theda,Kleingrub,fcsysseq8Q4l,tkleingrubr6@deliciousdays.com,1655389486,79674 Lakewood Plaza
980,Allianora,Witherow,htFfBNs3Pq,awitherowr7@devhub.com,9421280784,3 Service Alley
981,Vincenty,Purton,avmOvyxi,vpurtonr8@over-blog.com,6131237496,0069 Johnson Trail
982,Regina,Sirman,vKjf7MM,rsirmanr9@oracle.com,4246112994,301 Meadow Vale Court
983,Harli,Mumbeson,BMgK9y3t9O,hmumbesonra@redcross.org,6176455002,5 Golf View Pass
984,Eloise,Hicks,os8iJvcj5,ehicksrb@umich.edu,4556186499,6 Jenifer Circle
985,Nicolas,O'Shiel,3fgAP9E,noshielrc@discuz.net,7948677190,6 Walton Place
986,Mahalia,Zumbusch,mirP8HzDU,mzumbuschrd@xing.com,7079293584,58930 Graedel Avenue
987,Helge,Yearsley,Gh4QwFai5r0,hyearsleyre@paginegialle.it,7601046914,086 Fuller Trail
988,Leeanne,Lattka,KuSgtQwIdEu,llattkarf@jigsy.com,2998318190,9967 Homewood Junction
989,Kalindi,Gallichiccio,sPUtil8,kgallichicciorg@epa.gov,9538219002,7 Vernon Circle
990,Jackie,Devonish,phzaJp,jdevonishrh@dagondesign.com,3897851327,53386 Mendota Trail
991,Dorelle,Dewbury,bH9TntWv9N,ddewburyri@bbb.org,8706647104,37959 Stone Corner Drive
992,Rora,Faers,23cFyV,rfaersrj@example.com,2927660467,094 Vera Court
993,Esra,Hicks,JJpKJegIWR,ehicksrk@webmd.com,3551032008,1225 Kinsman Court
994,Aurlie,Culley,vDc6Yxt9,aculleyrl@google.co.jp,2159074608,83 Buhler Place
995,Nichols,McCurrie,vkZ1KGIrkeEK,nmccurrierm@omniture.com,5573519125,592 Brickson Park Terrace
996,Freddy,Guillond,pq1lxHU8B,fguillondrn@g.co,2395408105,9988 Birchwood Hill
997,Erin,Sandford,25jhJm,esandfordro@arstechnica.com,3249316986,6 Shoshone Circle
998,Colet,Corzon,9yuNQkJ8M,ccorzonrp@com.com,3102628901,014 Crowley Place
999,Valentina,Quibell,PR4ineb,vquibellrq@1aboutads.info,3252878594,21489 David Junction
1000,Jules,O'Fearguise,N9Tz6PRPq64c,jofearguiserr@netvibes.com,1933479538,5203 Hanover Trail
