1,Maxie,Ridsdell,1883DjigcB2,mridsdell0@buzzfeed.com,8165572545,12 Raven Circle
2,Molly,Ciottoi,s,m@gmail.com,6855324690,352 Moulton Place
3,Carmon,Spelling,gOPiWeV,cspelling2@nyu.edu,9023455091,0996 Sutherland Hill
4,Ole,Reubel,02LMa0HsRk,oreubel3@odnoklassniki.ru,9578981695,1731 Swallow Center
5,Rania,Postans,HnR5BjXlfrI,rpostans4@issuu.com,7519782573,79602 Doe Crossing Center
6,Alberik,Bretton,ybXDvOB7FifL,abretton5@apple.com,3664574234,1882 Armistice Court
7,Hugh,Kilvington,650bNVP4hEg,hkilvington6@smugmug.com,6533266495,3 Farragut Way
8,Ives,MacLeese,yqZuAeq,imacleese7@trellian.com,7005159602,52 Corben Terrace
9,Andris,Baine,MQ1IOCQ8OZT,abaine8@biglobe.ne.jp,2339833099,84108 Service Court
10,Brunhilde,Flather,XaJUQkCzCfmt,bflather9@reverbnation.com,8374619514,999 Delaware Lane
11,Micheil,Frenchum,wcH41VX,mfrenchuma@tamu.edu,3128386355,60 Clarendon Pass
12,Neale,Pimlott,CR0jpHXl,npimlottb@facebook.com,6529382319,6 Summer Ridge Avenue
13,Suzi,Cattermull,Brh6jyhFDO,scattermullc@4shared.com,4108845717,0 Badeau Parkway
14,Travus,Dreghorn,WlcF32DrtDM,tdreghornd@columbia.edu,9239125689,9067 Division Park
15,Elianore,Whitlam,TYHlH3LRU4,ewhitlame@toplist.cz,3005994767,70 Garrison Circle
16,Odelle,Whithalgh,wN0HWghIy2v,owhithalghf@biblegateway.com,7418239477,9 Sullivan Pass
17,Dulcinea,McDowall,EH2avN1,dmcdowallg@yellowbook.com,4201675140,35 Dawn Court
18,Jeremiah,Brasseur,7eI1WycycAR,jbrasseurh@zimbio.com,3088273212,2270 Eastwood Center
19,Bram,Escalera,pD5GyWt8,bescalerai@github.com,5771287979,0 American Alley
20,Germain,Bernot,J9bDmKDkjlrX,gbernotj@cocolog-nifty.com,8077014459,2566 Rowland Center
21,Bradford,Bavage,jfEcsQeRv0,bbavagek@pagesperso-orange.fr,8736492589,47 Jenifer Court
22,Annis,Shah,6SB4gwbste,ashahl@yandex.ru,9549263553,99029 Menomonie Point
23,Emilee,Lages,fKM2Q8FJ,elagesm@reference.com,8089217299,54 Nevada Point
24,Cleavland,Yanshonok,NFsylNn,cyanshonokn@slideshare.net,7974028885,09728 Service Pass
25,Emmaline,Alsina,t93sMprU,ealsinao@prlog.org,2901350375,365 Florence Street
26,Cloe,Benam,GzBNP7,cbenamp@people.com.cn,3706146775,40853 Carey Drive
27,Waylon,Lavalde,TAxJzcq3WD,wlavaldeq@jugem.jp,5374255936,0 Amoth Center
28,Tammi,Swindlehurst,GiufbmlQ,tswindlehurstr@meetup.com,9741417015,55011 Jenna Center
29,Deane,Laydel,u3kqIg2aR,dlaydels@sourceforge.net,4077899327,18656 Mariners Cove Street
30,Ivie,Trodler,hDvDUCz7H,itrodlert@timesonline.co.uk,3622809716,7320 Carey Drive
31,Tuck,Ennals,QDJ4ORK,tennalsu@cafepress.com,2077512409,20 Union Road
32,Linnet,Vida,aEpbu9L,lvidav@canalblog.com,1085028287,3 Bunting Street
33,Avrom,Dalla,9VEiCV74Qw9X,adallaw@woothemes.com,4647173733,54 Corry Court
34,Sue,Collingridge,5mI4HQjmpFuj,scollingridgex@amazon.de,3683212204,9 Maple Wood Junction
35,Grethel,Credland,dfL1wt9zA37N,gcredlandy@slate.com,4497506726,6450 Straubel Parkway
36,Sheena,Aikin,7wkIpN8eEp,saikinz@nbcnews.com,6668830234,753 Mendota Pass
37,Marion,Rraundl,KBHf1R0fV,mrraundl10@tmall.com,8203776723,334 Walton Trail
38,Gradey,Gaenor,YGsiHV,ggaenor11@accuweather.com,9639267596,5096 Fairfield Junction
39,Nahum,Wrangle,TSab2W,nwrangle12@wikipedia.org,9933040604,253 Bluestem Alley
40,Adlai,Rijkeseis,bMWnYVWJ,arijkeseis13@wikipedia.org,1547805116,4 Columbus Center
41,Gipsy,Durbridge,kDlKco,gdurbridge14@macromedia.com,9613062402,184 Algoma Trail
42,Weston,Yewman,iQBfXDjUTY,wyewman15@google.es,1104591541,248 Clove Road
43,Jayne,Bordiss,QvxtnQeucZ,jbordiss16@wix.com,2316854261,3 Walton Crossing
44,Doti,Marle,knXykHBI3C,dmarle17@github.io,1974335659,2 Shelley Park
45,Hannie,Gunson,VDjJjIm8,hgunson18@usda.gov,1869529767,3571 Pine View Drive
46,Casie,Winckle,vMySaOstn,cwinckle19@newyorker.com,6622157091,479 Main Center
47,Salome,McWhirter,O2IUvsRR5ZVZ,smcwhirter1a@seesaa.net,4323224192,6651 Eliot Pass
48,Garrett,Kitley,Acwcpya5dCy,gkitley1b@hostgator.com,2551727618,0682 Carey Street
49,Rosco,Adrain,oMYPjLo,radrain1c@ucsd.edu,9112692002,3 Caliangt Trail
50,Thebault,Elson,NnRBjcr9m,telson1d@salon.com,1127964305,4962 Warbler Avenue
51,Arabela,McAlister,IFXmO7vrAyc,amcalister1e@examiner.com,3709920763,204 Village Point
52,Marylinda,Hugk,0mVgadD4oBzO,mhugk1f@npr.org,3952894214,141 Red Cloud Circle
53,Lela,Owenson,lpTzLMt,lowenson1g@zimbio.com,6132691641,7990 Utah Point
54,Vlad,Ginnaly,FwDTnVVYm02M,vginnaly1h@cyberchimps.com,8693670747,608 Heffernan Parkway
55,Lenee,Minchenton,Bk3TxkAd41N6,lminchenton1i@epa.gov,7596844694,714 Hudson Avenue
56,Lissa,Aizikovitch,SrkxXKG,laizikovitch1j@oracle.com,7255117505,259 Badeau Park
57,Lethia,Garbott,1LcIIEv8,lgarbott1k@typepad.com,2274683172,00303 Meadow Vale Avenue
58,Tristan,Sesons,QufjbIlL,tsesons1l@godaddy.com,9008305238,5025 Atwood Crossing
59,Charley,Madoc-Jones,vEv19k,cmadocjones1m@webeden.co.uk,3007178844,3 Kedzie Plaza
60,Jillane,Sears,DwcYvy,jsears1n@un.org,8853605434,454 Bluejay Street
61,Finley,Caswall,GLGyAD0,fcaswall1o@bravesites.com,1112118118,6 Maywood Lane
62,Cordelia,Landreth,pTptzTDWRWwi,clandreth1p@forbes.com,7487358936,06800 East Lane
63,Nefen,Dowbekin,ubOktC,ndowbekin1q@ted.com,3132553629,7113 Brentwood Terrace
64,Bale,Kingsland,ZLlHhtHDv0m,bkingsland1r@github.io,4977735493,1595 Merrick Circle
65,Flossi,Featonby,VCyOaN,ffeatonby1s@ehow.com,6577929796,7 Lakeland Place
66,Ervin,Dautry,1QEiKFpo,edautry1t@redcross.org,4184330314,2 Jay Pass
67,Kelsey,Wabey,PixfQs,kwabey1u@drupal.org,4329071066,460 Upham Alley
68,Glennie,Edmons,U8AvOlTwftd1,gedmons1v@bbb.org,4089609984,92375 Nevada Hill
69,Joby,Storch,B0LbOdei,jstorch1w@biblegateway.com,8737324378,0 Gulseth Plaza
70,Forbes,Vittet,Za6gP87Z,fvittet1x@theglobeandmail.com,5413915408,40 Oxford Trail
71,Hilton,Furmonger,Xm0TKme,hfurmonger1y@mozilla.org,7813865615,2 Ridgeway Trail
72,Dee,Kitchenside,QI9U59xEC2F,dkitchenside1z@cnet.com,6046037180,23500 Barnett Hill
73,Odilia,Tedridge,SXsM7hf,otedridge20@rambler.ru,5551459601,256 Petterle Hill
74,Simona,Biscomb,ck9XiMsV,sbiscomb21@prweb.com,8016799257,730 Kenwood Terrace
75,Gisela,Cunnow,qk30nktd,gcunnow22@wikimedia.org,9471896725,88 Randy Road
76,Arlen,Luna,T63LFmy,aluna23@liveinternet.ru,6948143516,168 Meadow Valley Place
77,Jocelyn,Punt,lhk2t0EM1,jpunt24@cisco.com,9223165446,3 Drewry Parkway
78,Federico,Okenfold,y1ylWlj,fokenfold25@mail.ru,9656620584,6 Karstens Junction
79,Benni,Dossit,xtTRtfg7mW0A,bdossit26@pinterest.com,6165217457,63700 Leroy Hill
80,Ethelred,Nussen,EgbPXiaMWASb,enussen27@com.com,4017544030,183 Prairie Rose Point
81,Irwin,Rhydderch,kB2pwKQffz3,irhydderch28@utexas.edu,5169439810,0234 Mitchell Park
82,Jose,Kloser,kStR2ZQ,jkloser29@craigslist.org,5792899462,57556 Ilene Center
83,Loren,Herreros,kf2NrV7u,lherreros2a@elpais.com,1376072724,80 Crescent Oaks Lane
84,Lexis,Jenyns,WoSfkt3v,ljenyns2b@vimeo.com,1878659731,9 Rutledge Drive
85,Erminie,Goulbourne,TRHkJy0k25ab,egoulbourne2c@nih.gov,4687278906,2 Alpine Place
86,Carmita,Valois,IYxlTGnhy86,cvalois2d@chronoengine.com,6956467848,01 Carey Circle
87,Devon,Goding,npazNGKYrF,dgoding2e@diigo.com,4471811966,1 Clarendon Crossing
88,Robenia,Lyddy,QSVuUJ0FB,rlyddy2f@harvard.edu,2023987787,691 Towne Pass
89,Reade,Hatherley,BLfZ4fkEaeq,rhatherley2g@nps.gov,8586579423,1947 Surrey Drive
90,Kelli,Overington,LGc8UoY,koverington2h@seesaa.net,5052832203,935 Mayfield Trail
91,Jonie,Chattock,n3iTaDk,jchattock2i@japanpost.jp,4887288231,5 Dennis Court
92,Lilas,Olifard,sxptCE8Et3B3,lolifard2j@addthis.com,3279967837,9 Huxley Hill
93,Vilhelmina,Pallister,WEaMJUo,vpallister2k@networkadvertising.org,9678236108,1 Jackson Center
94,Bryon,Kean,h1MSnNbUwUy,bkean2l@feedburner.com,5539683335,7 Hoffman Point
95,Spencer,Presdie,bz5fIukIJN,spresdie2m@arstechnica.com,9688658344,9072 Fuller Junction
96,Seymour,Oxbrow,52S8cJRL62Aq,soxbrow2n@dion.ne.jp,9448583699,151 Monica Point
97,Shelly,Maffetti,DjURnpUSaQ,smaffetti2o@google.com.hk,7044341961,44079 Bobwhite Court
98,Briana,Aveyard,VkJVBNK,baveyard2p@chicagotribune.com,4532656186,1 Chive Lane
99,Sheelah,Linge,j24ErgF,slinge2q@wunderground.com,2687698035,75625 Hallows Place
100,Janeen,Seydlitz,gngOTQUTSx,jseydlitz2r@apple.com,5421996684,5144 Claremont Way
101,Bryana,Yashunin,6xYg9t,byashunin2s@ocn.ne.jp,1985129103,2855 Elmside Crossing
102,Yorker,Janata,VoMPMpe7Ccqh,yjanata2t@xinhuanet.com,3068310898,87629 Lyons Crossing
103,Carena,Bianco,9XP20fUtDnq,cbianco2u@sun.com,6331555620,10011 Southridge Alley
104,Berni,Kelledy,4uMW4WRfEj,bkelledy2v@alibaba.com,7057093755,49 Harbort Alley
105,Dyan,Labroue,iPwkl3Ek,dlabroue2w@arstechnica.com,8361234568,48 Garrison Trail
106,Petronille,Axon,pJHVVnmrIRum,paxon2x@delicious.com,9681052745,60871 Artisan Place
107,Charlena,Swoffer,jl4rS7b,cswoffer2y@zdnet.com,3903057761,121 Derek Way
108,Valeda,Tedman,WG0BfFnlB,vtedman2z@surveymonkey.com,1677059840,207 Graedel Road
109,Irina,Potbury,0LI0p92,ipotbury30@npr.org,7661897674,62814 Corben Junction
110,Pieter,Swiffin,MQmRE1,pswiffin31@xrea.com,1316095844,678 Mitchell Street
111,Elizabet,Robison,dRL5xs18mmj,erobison32@vkontakte.ru,5215930121,574 Clemons Trail
112,Berenice,Scapens,zsXaTpQY,bscapens33@netscape.com,8815939654,014 Chive Street
113,Ardra,Longman,wXI3MwVT,alongman34@wiley.com,5181611902,8 David Lane
114,Ammamaria,Patrick,ewpzsGMja1Cm,apatrick35@rambler.ru,5245670164,6043 Anhalt Point
115,Reid,Stuttman,QRcooIA1BfQ,rstuttman36@fastcompany.com,9994785104,621 6th Crossing
116,Mikkel,Battershall,eK61b0mz,mbattershall37@sourceforge.net,4034649972,2632 Pepper Wood Crossing
117,Ysabel,O'Noulane,73ezDMA6,yonoulane38@ustream.tv,1596932791,04 Heffernan Street
118,Timmie,Caltera,zDeT3VLzgf,tcaltera39@linkedin.com,1909115561,5 Dapin Park
119,Ashly,Rushsorth,ZRGvzb,arushsorth3a@ibm.com,5468367445,8 Goodland Circle
120,Kimble,Ryce,crykFRGQbXx,kryce3b@mail.ru,7168403332,00710 Superior Terrace
121,Aldon,Marcombe,k8JDAQsuMK,amarcombe3c@weibo.com,5261364775,4238 Cottonwood Pass
122,Abigale,Macklin,UI6KnnJe,amacklin3d@umich.edu,7214446763,1696 Manitowish Lane
123,Ardenia,Ballintyne,yt1QrRZgB,aballintyne3e@blogtalkradio.com,4788490172,86398 Hayes Junction
124,Ina,Henrichs,z1dR2ZX,ihenrichs3f@istockphoto.com,1095847907,23092 Forest Run Trail
125,Fairfax,Hearne,DawZAcDXFu,fhearne3g@businessinsider.com,4513585928,7721 Sundown Avenue
126,Hamilton,Galpen,NqVy4zGSj,hgalpen3h@instagram.com,2389881415,9813 Cardinal Park
127,Johann,Ivakhin,RBx0fC,jivakhin3i@yahoo.co.jp,4464126578,48631 Warbler Street
128,Tobe,Durnell,BNCQxqC6,tdurnell3j@dailymotion.com,3648276688,70682 Claremont Crossing
129,Lurlene,Drinkall,UXKTjO,ldrinkall3k@jiathis.com,5916859727,6 Columbus Street
130,Boot,Lingley,HpjSDY,blingley3l@statcounter.com,1305015379,9836 Oneill Center
131,Coriss,Jeenes,spbZxRlqANC,cjeenes3m@meetup.com,2034475161,474 Redwing Hill
132,Onfre,Hastin,5WFjAoE3V7W,ohastin3n@people.com.cn,6907524285,35731 Hazelcrest Pass
133,Bobbye,Cready,EIu6wgfe,bcready3o@independent.co.uk,6423586939,673 Sheridan Point
134,Gail,Guyet,xpLo3hT6i4yQ,gguyet3p@apache.org,1044869879,46 Truax Circle
135,Monty,Paris,NgdkIb9otLpD,mparis3q@prweb.com,3433298128,1 Trailsway Lane
136,Fanni,Bidgood,inOhXkHtjqM7,fbidgood3r@1und1.de,7405868314,408 Orin Trail
137,Wenona,Ankers,BwJDpNeYt,wankers3s@census.gov,9953816893,9 Johnson Hill
138,Melisande,Scorah,Qgbk85V,mscorah3t@adobe.com,2215307738,88 Northland Junction
139,Ania,Piatkowski,tVPAyGiI,apiatkowski3u@accuweather.com,2429984643,43 Warner Terrace
140,Riley,Sime,TXB1FIlMh,rsime3v@buzzfeed.com,8274679843,3 Mayer Hill
141,Ezra,Adamovicz,tN5LG3,eadamovicz3w@usatoday.com,8416886965,045 Calypso Plaza
142,Alta,MacCook,VVO485sgG,amaccook3x@addthis.com,9973253554,9 Tennyson Trail
143,Kelsey,Klesel,ftiNOf5mWsU,kklesel3y@etsy.com,6296921225,9694 Havey Avenue
144,Ly,Lineham,WK6KjyKvq,llineham3z@tamu.edu,1731170784,83 Mosinee Court
145,Arty,McGhie,YVcAWLTPD,amcghie40@trellian.com,8212828853,9187 8th Park
146,Malissia,Hercock,grbqW2z,mhercock41@mozilla.com,8722403279,747 Ronald Regan Hill
147,Cordy,Ferrieres,11lCobJmb,cferrieres42@phpbb.com,5847974474,59826 Vidon Court
148,Maddy,Crock,wwhB5KgBeSJ,mcrock43@addtoany.com,3153850307,3250 Pine View Junction
149,Odella,Winchcum,AD2vYQTbzQ,owinchcum44@yahoo.co.jp,4785409325,633 Myrtle Way
150,Agnes,Basten,WI9IYb0paLzj,abasten45@cnbc.com,9891430754,9 Stoughton Road
151,Seth,Abels,orpzHBYc,sabels46@liveinternet.ru,7074741293,721 Morning Trail
152,Ellery,Grafton,LgSDXmW,egrafton47@amazon.co.jp,8293232194,802 Valley Edge Crossing
153,Iormina,Bristowe,Mia4CgliC,ibristowe48@unesco.org,4844786166,62 New Castle Trail
154,Reggie,Pyett,WIdKLefxM,rpyett49@jigsy.com,8594961910,49 Southridge Parkway
155,Martha,Urlin,cr7LKHsYOAEu,murlin4a@phpbb.com,5594274668,5699 Farragut Street
156,Fraze,Keyse,0NO2Uyromd,fkeyse4b@sbwire.com,8519779831,2469 Swallow Alley
157,Patrice,Wringe,iTg2ji1s,pwringe4c@vinaora.com,1321966439,1 Hudson Circle
158,Erinn,Eckels,62PZNfLqbKo,eeckels4d@sogou.com,7876504567,7845 Merchant Trail
159,Kareem,Casey,lFi65v2yJo7o,kcasey4e@google.ru,2672873191,848 Cody Trail
160,Denice,Barhams,UVAoaZlq0,dbarhams4f@simplemachines.org,9686882686,63539 Paget Junction
161,Darsie,Rasell,Ue0BrYu0m,drasell4g@posterous.com,8554427527,758 Maywood Way
162,Laurice,Inglesent,k7EWy1Cnx,linglesent4h@nba.com,8475594469,5608 Doe Crossing Alley
163,Odetta,Jeffcoate,4QSqX17ovNU,ojeffcoate4i@theatlantic.com,1633866866,97 Marcy Street
164,Tessie,Gallamore,67kaTidL,tgallamore4j@macromedia.com,6139912618,62258 Kim Center
165,Kora,Hubbocks,uiGGjoMOTkJZ,khubbocks4k@businesswire.com,9048437225,57 Dakota Road
166,Leda,Brydson,B5RxIhOWwskL,lbrydson4l@howstuffworks.com,6377427783,8 Clyde Gallagher Hill
167,Ansel,Chessum,o0LsQO79vgZ7,achessum4m@oaic.gov.au,4449183033,03765 Loomis Center
168,Sher,McVittie,aJqBnFbY5Gg,smcvittie4n@soundcloud.com,6959260822,3221 Longview Street
169,Dave,Jobin,CAhBKfdkon,djobin4o@ebay.co.uk,1698888732,03836 Oneill Terrace
170,Lyndel,Becket,AUOPTBfc0bp9,lbecket4p@stumbleupon.com,8006995019,983 Elgar Crossing
171,Danie,Scintsbury,2gpieBvR,dscintsbury4q@google.co.jp,5424452196,26558 Kedzie Street
172,Nertie,Lavalle,y9KPCr5w8k,nlavalle4r@flickr.com,8437023558,90 Londonderry Parkway
173,Lynn,Ferrai,fgjZy8tE,lferrai4s@eventbrite.com,3169760016,7 Fisk Center
174,Caterina,Kerford,9QQcm02y3S,ckerford4t@cbsnews.com,5774006598,8 Boyd Crossing
175,Linette,Athelstan,IY8dU65oc,lathelstan4u@clickbank.net,1536604705,7382 Clove Trail
176,Guglielmo,Bessett,Skpr2mez,gbessett4v@nasa.gov,6177994851,324 2nd Terrace
177,Cinda,Eller,rdq1dx6XYzeD,celler4w@joomla.org,4565762561,8 Bultman Pass
178,Dehlia,Bedo,cPHr3yqC,dbedo4x@edublogs.org,9868270786,57 Orin Park
179,Elfrieda,Learmouth,kUYaGLIjouyR,elearmouth4y@kickstarter.com,8129248512,640 Donald Pass
180,Bobbye,Stonuary,8mNZQMlL,bstonuary4z@live.com,6959588269,56 Tennessee Alley
181,Rorie,Edon,BLEviWV16FD,redon50@google.ca,2457156211,3186 Magdeline Lane
182,Brook,Valentin,tlO0On2HLq,bvalentin51@dedecms.com,4284063828,3 Holmberg Junction
183,Nanny,Moden,Sr1pku85tlW7,nmoden52@amazonaws.com,8961128759,7 Loftsgordon Place
184,Keith,Reinmar,OhqBYcY1Wj,kreinmar53@webnode.com,7129071370,3090 International Road
185,Britteny,Moulding,Xc9hJs8,bmoulding54@wsj.com,7921798132,7 Towne Trail
186,Marcelle,Hemphrey,ow8qgNA,mhemphrey55@nhs.uk,1896898717,6841 Farmco Place
187,Corrine,McMeekan,WgL60yZSPI,cmcmeekan56@amazonaws.com,5311750521,4093 Ridgeview Avenue
188,Winston,McNaughton,gPAibO5At88x,wmcnaughton57@shareasale.com,9586520487,46 Doe Crossing Circle
189,Murial,Older,pGeZTI5Vc,molder58@google.com.br,5479471701,0944 Portage Center
190,Ernst,Esslement,dbaAwE3W,eesslement59@time.com,1487045451,40909 Barnett Pass
191,Cassondra,Virgoe,5LzOJz,cvirgoe5a@diigo.com,7765034253,0357 Loeprich Terrace
192,Jordain,Rounce,3LSlecWjL,jrounce5b@nationalgeographic.com,9265373016,540 Blaine Lane
193,Tomasina,Wewell,PuWbVs,twewell5c@vinaora.com,5486565439,2 Center Circle
194,Andre,Victor,1WqEl8dHSqUo,avictor5d@comsenz.com,4277550751,691 Mallory Drive
195,Sutherlan,Saile,xOOkAiVS,ssaile5e@cmu.edu,5511797707,42538 Annamark Drive
196,Damon,Ruegg,3yJCT829udAk,druegg5f@reference.com,1235239314,9590 Butternut Circle
197,Audra,McKeown,mv6jJwI9,amckeown5g@archive.org,9698501185,029 Graedel Terrace
198,Taffy,Pardew,FDLvOecQ,tpardew5h@cbslocal.com,3598724148,56 Lakewood Gardens Road
199,Alfy,Sitlinton,DLXghhG,asitlinton5i@marketwatch.com,9269773773,4 Cody Drive
200,Aurea,Irving,TGgVLBLwWuo2,airving5j@exblog.jp,3017228473,86296 Knutson Crossing
201,Sydelle,Ebunoluwa,JgtP1r3UCYHC,sebunoluwa5k@nasa.gov,3886548649,94300 Grasskamp Alley
202,Talbert,Harmson,5o6DoeTK,tharmson5l@google.com.au,1818979415,978 Hayes Court
203,Elke,Watkiss,vuxZmi,ewatkiss5m@mapquest.com,7378745414,0 Mcbride Hill
204,Ezequiel,Crowdace,lcTlP8jTGGy1,ecrowdace5n@yahoo.com,4206585180,62 Bayside Point
205,Alessandra,Polfer,I9NbGYad,apolfer5o@cyberchimps.com,9731430301,939 Talisman Plaza
206,Lenora,Boughton,EZ9iip1qK,lboughton5p@sohu.com,1086921161,76355 Crownhardt Trail
207,Rafferty,Fassum,Wwguyi9E,rfassum5q@hostgator.com,6758789337,78654 Park Meadow Crossing
208,Solly,Burrell,jCGZUa,sburrell5r@nymag.com,7793989272,9978 Kenwood Plaza
209,Pammy,Braiden,fdEc5Dq,pbraiden5s@timesonline.co.uk,1702711433,6 Brentwood Alley
210,Shani,Tennock,Vss2HXo8,stennock5t@com.com,9004905856,3791 Northport Court
211,Courtnay,Fink,6htzYCruSV31,cfink5u@github.io,5107802805,76820 Merchant Parkway
212,Dorice,Szepe,6EOwu5zg,dszepe5v@un.org,7133199117,55909 Continental Center
213,Sabine,Tregidgo,i0TP8lNpVH,stregidgo5w@liveinternet.ru,1749279384,8111 Caliangt Hill
214,Shantee,Pendock,0XRgEam1mHo6,spendock5x@umich.edu,9459392218,50 Mccormick Drive
215,Franciskus,Dunsleve,2LypHjmg7MV,fdunsleve5y@purevolume.com,7338121148,998 Vera Trail
216,Meier,Snaden,P6x5JGfP,msnaden5z@goodreads.com,6977102114,656 Chive Place
217,Cristal,Cregin,h5vNBh4l9,ccregin60@alibaba.com,5579676987,5424 Waxwing Road
218,Guenna,Clementucci,f6XzmT,gclementucci61@chron.com,3014453097,1987 Mcbride Hill
219,Arlie,Cratere,PA21lgqejm3,acratere62@diigo.com,2121780612,160 Kinsman Hill
220,Katti,Gilligan,6cR6fojC3V,kgilligan63@e-recht24.de,2455554121,3668 David Center
221,Taddeo,Napoleone,3qw1nbd3IwOM,tnapoleone64@google.ru,9074670063,71 Thierer Park
222,Christi,Tukely,27iMT1b,ctukely65@rakuten.co.jp,5657337904,2139 Meadow Valley Alley
223,Sibyl,Mitroshinov,UAXia2Tg0Ha,smitroshinov66@naver.com,4737779779,534 Hanson Point
224,Alina,Thain,cSwXKmkf,athain67@netscape.com,8853019099,479 Sugar Road
225,Faber,McGing,YFXm0By,fmcging68@aboutads.info,9833311106,111 Grasskamp Point
226,Jolene,O'Growgane,wz8z90,jogrowgane69@ezinearticles.com,4924414845,90 Burrows Park
227,Cami,Falcus,opf4hK6Rdsi,cfalcus6a@salon.com,4628549102,6 Vahlen Avenue
228,Moses,Albrecht,5CzcMS0Q,malbrecht6b@nih.gov,7369831375,58488 Welch Circle
229,Madelene,Noah,GAQ3jYFoUv,mnoah6c@mtv.com,2739709630,20 Merrick Point
230,Thane,Monelle,Od8uQMEFwzlf,tmonelle6d@wufoo.com,1544665942,291 Birchwood Court
231,Brose,Plomer,gG6hHE5nO,bplomer6e@weebly.com,8264968887,64681 Mesta Alley
232,Rafaelia,Boldra,cF46AP6WtU8d,rboldra6f@aboutads.info,7596889593,82220 Fremont Way
233,Irena,Leathard,7hKt8yR1CD9,ileathard6g@walmart.com,1059552158,01 Almo Lane
234,Collin,Posvner,ZHA6Lc,cposvner6h@diigo.com,8027946643,00 Union Trail
235,Tull,Mapes,kfDDMErunbQK,tmapes6i@hc360.com,4292623017,56754 Nancy Drive
236,Kippar,Vanyashin,pYSpoMsAYUk,kvanyashin6j@apache.org,7141621367,2 Mandrake Terrace
237,Gabbie,Allans,OtQeNv9r2,gallans6k@ovh.net,3588464976,71 West Way
238,Ashia,Trevascus,ET94F1sm0P,atrevascus6l@diigo.com,3223961710,9104 Hagan Parkway
239,Willey,Costar,VzJ78oSqe0O,wcostar6m@mapquest.com,8553426219,594 Namekagon Terrace
240,Amalia,Dawber,ce9UzH4GwRD,adawber6n@ow.ly,1639596793,79277 Loftsgordon Point
241,Heriberto,Dunseath,vMwxDSa87,hdunseath6o@is.gd,7145836069,7340 Morning Circle
242,Tymon,Saffell,NxpySSzq6w7G,tsaffell6p@webeden.co.uk,5024227889,674 David Alley
243,Katy,Itzcovichch,dqdm0j0u,kitzcovichch6q@reuters.com,6974295138,77 Nelson Crossing
244,Brina,Ellwand,CgK6hfT,bellwand6r@elpais.com,6899721111,69 Warner Trail
245,Michel,Kures,H5KlhTnB,mkures6s@bigcartel.com,9922821063,91 Golf Course Circle
246,Ring,Simkin,LAwTKph93j4h,rsimkin6t@delicious.com,4533908764,8104 Tennyson Place
247,Minda,Newbold,7vVqfypxU,mnewbold6u@cloudflare.com,2151309964,43180 Autumn Leaf Park
248,Langsdon,Scherer,qNndutyhkE,lscherer6v@123-reg.co.uk,8749631199,44317 Anthes Parkway
249,Archer,Pyser,Si7pCyqmNudd,apyser6w@opensource.org,7829880589,83590 Myrtle Trail
250,Andrea,Knappen,zadnGI,aknappen6x@google.com.au,5806304305,52794 Bellgrove Avenue
251,Marcellus,Eddolls,OUWEYA,meddolls6y@imageshack.us,3178991993,57757 Red Cloud Avenue
252,Dorolisa,Duckitt,Dk48qLq6R,dduckitt6z@skyrock.com,2294704294,9 Hermina Point
253,Tomi,Sisley,vk0fLmxKkl,tsisley70@bloglines.com,8089389175,0 Loomis Alley
254,Tracie,Veryan,G6R3Am1NT,tveryan71@feedburner.com,1859075857,16923 Cordelia Lane
255,Ariel,Eadmead,uFohOej,aeadmead72@cbc.ca,8277130451,8232 Buell Court
256,Deanne,Killingsworth,kxlvV7d2R,dkillingsworth73@cmu.edu,4037328939,64 Northport Park
257,Delainey,Tyreman,7UycY4QJEs,dtyreman74@bbb.org,6593338179,60 Merry Place
258,Mikaela,Charlick,kNg4RoF36,mcharlick75@prnewswire.com,9543222731,15 Prentice Hill
259,Rona,Steggles,T2ZXjxMuv,rsteggles76@imdb.com,7295753911,0674 Crownhardt Trail
260,Inessa,Laurie,WQ6rIGXoe,ilaurie77@123-reg.co.uk,4616859182,15767 Mariners Cove Plaza
261,Nerty,Lubomirski,FBJKJZcaQIb,nlubomirski78@lulu.com,9895676355,86040 Butternut Drive
262,Elston,Gristhwaite,PVekT0,egristhwaite79@wikimedia.org,1727011877,175 American Trail
263,Sascha,Snoddy,Bez8RX,ssnoddy7a@jimdo.com,8383322031,26164 Mitchell Court
264,Kiele,Clancy,1BDPYvjPCFex,kclancy7b@nbcnews.com,2536660460,964 Loomis Crossing
265,Mel,Antoshin,4oBGr5ZwBSKl,mantoshin7c@webeden.co.uk,8707803789,88578 Bellgrove Junction
266,Normie,Como,JeThG2pdpwO1,ncomo7d@tiny.cc,3687029446,3 Lien Crossing
267,Fletcher,Eyers,UuMcfYIQiFOT,feyers7e@dailymotion.com,2128299499,7309 Arkansas Pass
268,Bink,Aristide,ncAGytC,baristide7f@si.edu,9493944566,6982 4th Pass
269,Ansell,Stanney,zvax3PbL8,astanney7g@princeton.edu,4516860286,56 Jana Center
270,Lennie,Giorgiutti,Rg6mvNCjG,lgiorgiutti7h@vinaora.com,1048267928,769 Daystar Drive
271,Lem,Joncic,H5ztwu,ljoncic7i@storify.com,5832395384,635 Armistice Hill
272,Sammy,Houliston,fw6Bcrpta,shouliston7j@ask.com,1915985537,04 Lyons Avenue
273,Osbourne,Clears,prWcdj,oclears7k@ftc.gov,2446960122,57 Claremont Place
274,Aarika,Jeness,JOyPlH0Ts3,ajeness7l@nytimes.com,5257069461,3404 Oak Street
275,Morrie,Ronisch,O5b1Hjv3,mronisch7m@github.com,1333703966,9947 Heffernan Park
276,Angel,Hiorn,7TQ7yhgfI,ahiorn7n@lycos.com,1683201630,28 Bunting Court
277,Sonia,Kienlein,uu8nx7i,skienlein7o@etsy.com,8145208244,8844 Algoma Terrace
278,Rina,Stickel,4xyEwr97,rstickel7p@irs.gov,5176028623,1698 Anniversary Plaza
279,Tootsie,Wiffield,7y3WSWx,twiffield7q@facebook.com,4558075148,99335 Sommers Circle
280,Torrence,Griffitts,usQAkhH,tgriffitts7r@seesaa.net,8357674418,0915 Gateway Parkway
281,Rosamund,Heggison,V5li0NKLLom,rheggison7s@paginegialle.it,1725665377,0 Lyons Junction
282,Wain,Muat,RWZIqhUv4,wmuat7t@nydailynews.com,1262804501,06 Red Cloud Hill
283,Jamil,Tondeur,fIrJXOp5,jtondeur7u@github.com,1342978584,416 Donald Center
284,Lewes,Enefer,VrynVdmXNZh,lenefer7v@narod.ru,2718447211,80 Michigan Way
285,Viviyan,Dommett,rLtCl1F,vdommett7w@pbs.org,6927381324,73 Dennis Street
286,Bastian,Kleiser,2WXkBZ55f,bkleiser7x@posterous.com,4248613677,1800 Prentice Way
287,Aurlie,Hultberg,sNRgVVOi6b,ahultberg7y@hc360.com,4713431539,9036 Havey Park
288,Nike,Hanselmann,TN0BnBhud4,nhanselmann7z@cnn.com,3087488795,2440 Dexter Point
289,Paddy,Manion,P73WBoU,pmanion80@walmart.com,9447591092,14 Rutledge Drive
290,Golda,Ickovicz,WKKlnizPPrAm,gickovicz81@nydailynews.com,8652946589,07 Welch Parkway
291,Auria,Vardie,m0UKwlsy,avardie82@microsoft.com,4537086792,17076 Maple Wood Center
292,Gordy,Hugnin,0PtgMj,ghugnin83@slashdot.org,7239030139,09477 Browning Pass
293,Emily,Barthel,gPxjfvF3x,ebarthel84@mac.com,8632548114,9153 Mariners Cove Avenue
294,Winna,Lowther,kmUJBCz,wlowther85@aol.com,8554816226,9130 Mayer Hill
295,Pauli,Mitro,Kh29a7HJZOB,pmitro86@cloudflare.com,8359319265,8 Anhalt Road
296,Dollie,Liddiatt,tvSB7FR,dliddiatt87@amazonaws.com,1039027928,90 Coleman Center
297,Corrie,Barclay,hXmrHLM,cbarclay88@mlb.com,4861006539,077 Weeping Birch Terrace
298,Sebastian,Bate,YkkJlEPPZKV7,sbate89@bbb.org,7253482970,70231 Manufacturers Alley
299,Jammal,Trahar,1JJONKf,jtrahar8a@webnode.com,6082241895,250 Gina Parkway
300,Buffy,Biasetti,pz5AMUa,bbiasetti8b@ucoz.ru,1015760851,6374 Summit Center
301,Arty,Cuskery,wWbeq1nYXb,acuskery8c@mapy.cz,1359094639,4127 Parkside Lane
302,Mal,Gainsburgh,7eu7TC,mgainsburgh8d@npr.org,6974696994,47813 Sunfield Trail
303,Saraann,Nel,WkpefUsSntCr,snel8e@miitbeian.gov.cn,9373183571,49940 Victoria Way
304,Adoree,O'Loghlen,MoD4rEN8v,aologhlen8f@sitemeter.com,5836336738,41543 Dapin Court
305,Gaylor,Davy,o6dGAH,gdavy8g@huffingtonpost.com,7409935279,9128 Rusk Circle
306,Jeffry,Baldacco,FV10om,jbaldacco8h@ehow.com,5038884757,9920 Leroy Court
307,Simon,MacKissack,g2VckI,smackissack8i@geocities.jp,4863180364,02755 South Road
308,Daniela,Sivorn,sarmAW,dsivorn8j@opensource.org,8684431430,80 Knutson Lane
309,Jemie,Gerhts,oZs7bind,jgerhts8k@cargocollective.com,7707920037,139 Golf View Court
310,Klaus,Scriven,EmfGom,kscriven8l@nih.gov,3165508298,3 Haas Plaza
311,Dewey,Parfett,8mA4uXNc6,dparfett8m@meetup.com,2312249444,868 Pond Lane
312,Rabbi,Mesias,vCaMKS0,rmesias8n@noaa.gov,7622296055,95 Elmside Crossing
313,Carter,Gurner,EmK87ghPUjxH,cgurner8o@fc2.com,7703961119,9 Badeau Street
314,Gradey,Andrag,HlzbQn,gandrag8p@un.org,4075402603,51 Bashford Parkway
315,Eli,Robyns,qsVNceNFb,erobyns8q@dion.ne.jp,2817361955,1 Heffernan Point
316,Aksel,Defond,Ex4izARX,adefond8r@shinystat.com,2816850488,408 Larry Terrace
317,Sheilah,Cassie,zqiF3YvnH5p,scassie8s@discovery.com,3699890914,7131 3rd Crossing
318,Timi,Chudleigh,prAjspdl3fLc,tchudleigh8t@reuters.com,6571168709,52 Iowa Lane
319,Harriot,Gerald,TagDD092VUEn,hgerald8u@google.co.uk,7734811013,35 Fulton Place
320,Lyda,Baty,4HyaC9ORrK,lbaty8v@friendfeed.com,6305873525,00 Eastwood Junction
321,Colleen,Baum,1VfZq3gDZ,cbaum8w@cnn.com,8695372612,30180 Macpherson Lane
322,Hersh,Durtnel,BjmjPbmY6y,hdurtnel8x@squidoo.com,2386700885,7904 Green Parkway
323,Aurora,Gueste,KwUhGappj0,agueste8y@nih.gov,7971545098,68587 Clyde Gallagher Point
324,Jayson,Simonou,eWNEC1u,jsimonou8z@nymag.com,6828905406,51030 Bobwhite Lane
325,Billy,Brient,u9OAs8bTMt,bbrient90@state.tx.us,1564351379,02 Mosinee Hill
326,Myrtle,Poytres,1H6zVmhlL,mpoytres91@photobucket.com,7267996607,37286 Havey Park
327,Orv,Linsay,4UVPkMxM,olinsay92@washingtonpost.com,8186307504,448 Dennis Parkway
328,Casie,Shann,qGUjuzIF,cshann93@domainmarket.com,3279463101,2957 Myrtle Drive
329,Jaclyn,Giannoni,Y1i7mc,jgiannoni94@youtu.be,2843355519,34 Manitowish Alley
330,Con,Temblett,bz5imvhEQ,ctemblett95@xinhuanet.com,2307345839,2 Independence Trail
331,Gabrila,Grigolli,Qm7u7Si3qGP,ggrigolli96@si.edu,4655007085,54 Utah Lane
332,Leese,Wiburn,jQZ4sbrRNJa,lwiburn97@purevolume.com,1387235928,859 Hudson Trail
333,Ottilie,Smeeton,h4Jf7X4Q,osmeeton98@dmoz.org,5367177963,291 Pennsylvania Avenue
334,Mireielle,Ducker,HE0sbu,mducker99@gizmodo.com,9113407712,2571 Autumn Leaf Parkway
335,Christa,Pietruszewicz,jfLwTcV6xS,cpietruszewicz9a@dropbox.com,6536960491,5 Miller Place
336,Ennis,Grover,Vz3kGL5YUX,egrover9b@google.it,4334345631,970 Bayside Hill
337,Leeann,O'Hoey,E1NtJ2J0iy,lohoey9c@phoca.cz,1414010841,09239 Lukken Pass
338,Janey,Gilder,s4z0isL,jgilder9d@mashable.com,9422231380,6749 Eagan Point
339,Irwin,Pareman,IpR8xTjt,ipareman9e@dropbox.com,1296122458,025 Pine View Street
340,Roi,Poynser,FUoWKSc,rpoynser9f@howstuffworks.com,6727468699,00300 Hauk Alley
341,Colleen,Ebbitt,eT9fdfGhCy4,cebbitt9g@fema.gov,8833460616,9005 Duke Terrace
342,Fawnia,Bulward,yRMtc0V6ru,fbulward9h@so-net.ne.jp,3495051669,8579 Dayton Parkway
343,Eddy,Peagrim,35zSUReOMS,epeagrim9i@uol.com.br,8865425369,1 Columbus Plaza
344,Marena,Hartill,sfRmtVcwT6XE,mhartill9j@usatoday.com,3297873141,424 Anniversary Court
345,Kristo,Gethin,o8Nq2Ug,kgethin9k@nyu.edu,9555784273,9 Lakeland Crossing
346,Parrnell,Bruno,gwp06HmVTo58,pbruno9l@hhs.gov,7513344997,60160 Haas Alley
347,Marlene,Copnell,OWsmugltEZB2,mcopnell9m@sbwire.com,5107451011,920 Lillian Alley
348,Gregg,Milksop,0P2fLSnVlT,gmilksop9n@freewebs.com,3812971736,890 Russell Parkway
349,Gerrilee,Hawford,tW0FKSnjw,ghawford9o@scientificamerican.com,6585855226,47265 Truax Court
350,Hildagard,Comport,NU53SdZ,hcomport9p@slideshare.net,8997213140,8 Thompson Junction
351,Florella,Dudman,TrZi5g,fdudman9q@dedecms.com,2654322164,300 Dryden Park
352,Staffard,Thirlwall,TCEIk65P,sthirlwall9r@cnn.com,2772771387,470 Stuart Trail
353,Elwood,Grinston,XK18DnvKfI,egrinston9s@sitemeter.com,8765170933,33 Susan Road
354,Leia,Piner,goauu2oKE,lpiner9t@ehow.com,3817712407,12579 Brickson Park Point
355,Yehudi,Bygrove,FgjagFT0sv,ybygrove9u@tinypic.com,3687337078,45827 Knutson Street
356,Bertie,Lillicrop,BeWsQL9HWzmn,blillicrop9v@wiley.com,3813060380,752 Dexter Parkway
357,Sterne,McPhilip,i5UfhBtm6UD0,smcphilip9w@people.com.cn,3131491209,3 Evergreen Way
358,Dana,Kilner,udUl2Q0C,dkilner9x@jalbum.net,1867242935,19382 Lyons Drive
359,Ninetta,Dillway,2ncGJfPL6Qsu,ndillway9y@w3.org,9779377204,10 Susan Junction
360,Angelique,Gregor,OYJgRL7,agregor9z@ning.com,6705118928,130 Toban Road
361,Margo,Henstone,P7tgIf,mhenstonea0@kickstarter.com,2913926762,0187 Sunfield Terrace
362,Cheri,Whelpton,E48HlfVI,cwhelptona1@ustream.tv,8521203965,86 Arkansas Hill
363,Bess,Sheber,xt7XH11yx45H,bshebera2@tamu.edu,5957791335,16 Sachtjen Terrace
364,Jandy,Shafier,atzE08,jshafiera3@virginia.edu,3429986861,667 Straubel Drive
365,Quinlan,Corssen,WC07W8,qcorssena4@furl.net,8988117435,065 Ohio Court
366,Inglebert,Elesander,71WsiG,ielesandera5@goodreads.com,3287260386,07 Golf View Point
367,Ase,Gentile,kL9a9mPm,agentilea6@ucla.edu,4652646972,031 Sycamore Park
368,Collen,Wordley,YuSybf7,cwordleya7@uol.com.br,4539724139,7 Mcguire Park
369,Rita,Tipling,KVbsJhTn,rtiplinga8@fc2.com,9664338729,62 Stone Corner Park
370,Jesselyn,Proger,d69qHv,jprogera9@virginia.edu,9983974637,3 Parkside Way
371,Clementia,Beak,zLAiZYI,cbeakaa@epa.gov,5597758060,6 Anthes Street
372,Valentin,Baglow,6CXbLfxm,vbaglowab@utexas.edu,1757069547,996 Mallard Center
373,Avril,Martinie,Sq0zZAFLR3Ux,amartinieac@simplemachines.org,1621399913,21142 Spohn Crossing
374,Rinaldo,Jakubovics,YXrx8KJy,rjakubovicsad@bloomberg.com,4799597937,4 Kingsford Road
375,Oona,Babonau,XinE6CWXdFD,obabonauae@example.com,1813072192,22475 Gale Junction
376,Odilia,Godart,4b3eQUDfm,ogodartaf@seattletimes.com,1402402927,3 Reinke Way
377,Alayne,Kemetz,ygOTgHN,akemetzag@blogtalkradio.com,4136718643,97 Red Cloud Avenue
378,Iosep,Mallatratt,XYJDzbbTTG,imallatrattah@tmall.com,6244524934,03 Myrtle Terrace
379,Willa,Fairbairn,RTSOZVIwg,wfairbairnai@springer.com,3118741135,89 Scott Parkway
380,Issy,Kamien,1taULmSIV,ikamienaj@friendfeed.com,1347098284,9276 Straubel Point
381,Olin,Macguire,rJLLWBQ,omacguireak@163.com,9995956872,2 Twin Pines Plaza
382,Meryl,Firmin,altx6L0mn1G,mfirminal@wikispaces.com,6022933785,69616 Hallows Pass
383,Gardy,MacGill,F316C9us,gmacgillam@webnode.com,1906105332,36802 Schmedeman Road
384,Clareta,Trevers,7hMNv2cN0L89,ctreversan@imageshack.us,1451504478,02 Starling Terrace
385,Amargo,Ritchings,BoA3bFyz,aritchingsao@imgur.com,4833457001,8 Bowman Trail
386,Dasha,Dible,oDDTeL,ddibleap@blogspot.com,1687408008,7706 Delaware Way
387,Debra,Beasant,N5xJjKrY29hZ,dbeasantaq@livejournal.com,9687236391,077 Morning Center
388,Paulita,Tames,qtsZMo,ptamesar@usnews.com,7379480983,9 Carioca Hill
389,Valeria,Galle,Novge05ulsz,vgalleas@toplist.cz,1298008265,0009 Scoville Parkway
390,Avigdor,Dunston,xwCepPJOi,adunstonat@java.com,7185770007,31 Fair Oaks Point
391,Ruthe,Albany,2tquCHvA,ralbanyau@loc.gov,8675672533,126 Nevada Drive
392,Joceline,Marriner,GqqbsMhEkoQ,jmarrinerav@mediafire.com,9535078785,2 Nancy Point
393,Yetta,Hartill,CBaVY891Qm,yhartillaw@webeden.co.uk,8922103388,81 Mockingbird Court
394,Dierdre,Tyers,5R0V6c,dtyersax@sina.com.cn,5596830360,656 Arkansas Crossing
395,Giffy,Czaja,YxUd9UiL,gczajaay@fc2.com,8546016176,281 Bluestem Avenue
396,Miquela,Caplen,NTanyoxhD,mcaplenaz@bbb.org,9951396907,25 Marquette Parkway
397,Claybourne,Hogsden,XMx6o3V,chogsdenb0@auda.org.au,8105234758,06403 Golf Course Way
398,Dwain,Dedam,MCUeSJx,ddedamb1@ucoz.com,3975696242,89 Luster Street
399,Tessi,Mattheus,Zht4nambaL,tmattheusb2@live.com,1645620590,89 Blaine Plaza
400,Reid,Aarons,bBVJljeH,raaronsb3@feedburner.com,4523066049,150 Elka Road
401,Tedra,Order,If8QipNM,torderb4@flickr.com,9336661843,40 Paget Street
402,Hermann,Bruno,qUIjKCi,hbrunob5@engadget.com,1778037361,054 Almo Place
403,Kurtis,Laidler,KiPzFRTV,klaidlerb6@nbcnews.com,1801607321,70 Westend Trail
404,Dorie,Crank,ZE4t8oX,dcrankb7@oaic.gov.au,3501126752,5672 Chinook Pass
405,Ethelred,Daughtrey,VU9OTKLl,edaughtreyb8@cafepress.com,2065259787,34596 Bluestem Trail
406,Tresa,Ferry,O6RLszXheTc1,tferryb9@gizmodo.com,4621419389,4 Dawn Lane
407,Sampson,Accombe,ioJA5aG,saccombeba@mysql.com,8094779152,32 Becker Crossing
408,Lindsay,Boyack,RXAv4WB,lboyackbb@arizona.edu,2124231918,00530 Carpenter Center
409,Isaac,Swindon,KxAXTkdnG5C,iswindonbc@ted.com,1383378914,050 Haas Circle
410,Tilly,Campagne,SF1c45EMh,tcampagnebd@trellian.com,8348064782,1112 Tomscot Trail
411,Armando,Renzullo,6EJOrU,arenzullobe@comsenz.com,8217325913,01 Acker Road
412,Vance,Giraudot,dV1yNR158o,vgiraudotbf@marriott.com,9159906016,19593 Onsgard Terrace
413,Nora,Idill,edk73xtjx4k,nidillbg@histats.com,9362422136,1 Pierstorff Plaza
414,Arlinda,Awty,ifya64esr,aawtybh@state.tx.us,6661222900,8 Vermont Place
415,Loraine,Greaterex,AfnvaANXvx2,lgreaterexbi@apple.com,8492840804,7 Dennis Lane
416,Felike,Hansell,Gn4eWAs8Ee6,fhansellbj@usatoday.com,4552601121,1 School Drive
417,Hodge,Dumbelton,BkIBWez2BrsJ,hdumbeltonbk@disqus.com,7925853428,6 Sage Drive
418,Lucio,Bineham,MeapTJI,lbinehambl@twitter.com,2672799220,5081 Forest Run Point
419,Bonni,Lathbury,8HsGIYlnTdQ,blathburybm@vkontakte.ru,7721220377,15 Alpine Place
420,Drusy,Tyrer,PUTAXyBG,dtyrerbn@hc360.com,2195180816,920 Lien Crossing
421,Roberto,Hastwall,fBnT2rplAt,rhastwallbo@globo.com,6084741189,946 Lukken Point
422,Mikaela,Lissandre,veCdRUhWZ,mlissandrebp@epa.gov,5337102302,04 Farwell Terrace
423,Charyl,Umfrey,T3bBbKBAfctW,cumfreybq@timesonline.co.uk,7846658882,68436 Russell Park
424,Ken,Skeldon,0TSHDXTa48Vi,kskeldonbr@t.co,3505241159,17813 Kings Crossing
425,Lela,Bernadzki,FNWJXwhM,lbernadzkibs@who.int,2723310707,05067 Namekagon Pass
426,Lauretta,Chesley,B9IGyrlDmFA,lchesleybt@adobe.com,1147275061,91094 Elmside Point
427,Joela,Postians,Lxt80RoyGJ5E,jpostiansbu@chicagotribune.com,1513398291,6812 Merchant Street
428,Pia,Brion,IFtyVRY,pbrionbv@networksolutions.com,4065086585,262 Mallory Plaza
429,Anett,Wheelan,kHp1cTTk78W,awheelanbw@vkontakte.ru,3642108745,114 School Crossing
430,Lyndy,Salmons,c8BLTxaeUO,lsalmonsbx@linkedin.com,4735145572,796 2nd Lane
431,Suzanne,Portugal,mYDE7WNbHm,sportugalby@usda.gov,2757512510,3539 Atwood Junction
432,Linnell,Jubert,lJ21mqw,ljubertbz@utexas.edu,4011054659,1357 Bluestem Road
433,Fransisco,Flanaghan,f6pZQp9a,fflanaghanc0@oakley.com,7607257743,753 Waywood Alley
434,Winnifred,Checkley,Sq7WuuO8KbfT,wcheckleyc1@clickbank.net,3103072594,9 Talmadge Terrace
435,Glen,Coxwell,vlq8NP,gcoxwellc2@yahoo.com,2289813384,555 La Follette Plaza
436,Perice,Chettoe,LpdVP0Z,pchettoec3@bluehost.com,4632003090,1536 Transport Court
437,Domini,Hammerich,NFhtuaOIo,dhammerichc4@cyberchimps.com,8055897814,20447 Lillian Way
438,Allyson,Polak,aTvJQ2,apolakc5@ustream.tv,9191906520,628 Mifflin Pass
439,Lynda,Ellings,DzOmE9c,lellingsc6@themeforest.net,3189816436,240 Main Court
440,Tabbi,Gauld,Nme6Ab,tgauldc7@chron.com,2282530421,3011 Esch Crossing
441,Hanson,Galletly,kjxkht,hgalletlyc8@digg.com,1447070407,99756 Leroy Center
442,Annie,Robshaw,zVKTysF,arobshawc9@over-blog.com,8669087938,9 Gale Hill
443,Dasi,Hounihan,lhiBx5Bjt2xK,dhounihanca@biblegateway.com,5583129952,8 Village Plaza
444,Salmon,Harlin,HfuiUvwXKEB,sharlincb@mac.com,5028480681,26 Moland Court
445,Jeana,Gillogley,dp24yt,jgillogleycc@liveinternet.ru,5858330084,3 Clarendon Road
446,Annie,Pennigar,1YMzaR,apennigarcd@google.co.jp,4729859883,1455 Forster Junction
447,Nerte,Pirazzi,ZrBM37z0rLNf,npirazzice@ow.ly,3532208931,23 Troy Lane
448,Ania,Skuce,edqwwEaM,askucecf@house.gov,3767395746,27 Vermont Terrace
449,Veronique,Maylam,gTsQZz9PPuv,vmaylamcg@microsoft.com,3644783294,62 Elgar Parkway
450,Leonardo,Jirek,o5JlEXI,ljirekch@storify.com,3643390554,18177 Memorial Park
451,Leonerd,Pessel,sQ5Kgm7pYB,lpesselci@ca.gov,7139576675,00 Merchant Circle
452,Brendon,Gomme,lYtGVBg,bgommecj@ow.ly,3878976275,36 Eliot Lane
453,Julietta,Jachimak,Fw9qUd,jjachimakck@discuz.net,6434070364,19956 Autumn Leaf Terrace
454,Louella,Tabourel,W2vpgP,ltabourelcl@about.me,4715771544,16 Knutson Lane
455,Brianna,Boumphrey,kWl3ieWtrT,bboumphreycm@skype.com,3339926344,2 Eggendart Center
456,Janos,Curnock,WZwd7Ka,jcurnockcn@marketwatch.com,7395371356,11 Harbort Park
457,Auguste,Pickton,AmPtubbLP9cW,apicktonco@blogtalkradio.com,3302954460,912 Spaight Alley
458,Jose,McSorley,8nQCl3,jmcsorleycp@uiuc.edu,7629222692,53 Sunbrook Drive
459,Boote,MacGaughie,3mALCu1SOQ,bmacgaughiecq@xing.com,8181508034,820 Messerschmidt Parkway
460,Charmain,La Grange,bEpOgf9XR,clagrangecr@sciencedaily.com,7585939802,8 Forster Hill
461,Leia,Knivett,zfdyijmoyi,lknivettcs@xrea.com,6697660089,54 Harbort Junction
462,Michelina,Brain,t24xW86F3uE3,mbrainct@go.com,3967794736,5 Elgar Center
463,Hermina,Swaby,SeKgJ74EBDV,hswabycu@google.it,1246952083,17 Glendale Circle
464,Sharline,Wrankling,kUXEnNeb,swranklingcv@friendfeed.com,8124038531,5 Comanche Park
465,Randene,Crutchley,CsPlXd5,rcrutchleycw@sourceforge.net,6913911846,211 Sunnyside Lane
466,Rita,Tolomei,P2CVNC,rtolomeicx@sitemeter.com,3544302154,5546 Bluestem Center
467,Danita,Pascow,va1O4mDF,dpascowcy@4shared.com,9639959746,5 Westridge Avenue
468,Arly,Marklew,ge8OteAH,amarklewcz@macromedia.com,9973194252,443 Melby Junction
469,Gardy,Siviour,60Mw2H,gsiviourd0@webmd.com,9841865922,7 Monterey Park
470,Merry,Truitt,cscGJ9y,mtruittd1@facebook.com,9301787314,1636 Northland Court
471,Rogers,Antognelli,Xxitwtuw,rantognellid2@joomla.org,2594758501,9 Dunning Alley
472,Vernor,McCullogh,7uHXbgbA,vmcculloghd3@dmoz.org,2781730368,516 Burrows Court
473,Derril,Willimont,YPUyYlmuG,dwillimontd4@goo.gl,3584678446,29131 Derek Trail
474,Pennie,Picton,kksz56Gbf,ppictond5@constantcontact.com,1305440815,56449 Paget Road
475,Mathias,Saich,mCCBMbXm,msaichd6@latimes.com,5092937310,8 3rd Alley
476,Zebedee,Allridge,rzh3sfcHz,zallridged7@google.co.jp,5703561114,08445 Spaight Terrace
477,Bartolemo,Boggs,LgNvP7y0Au,bboggsd8@hubpages.com,3346019486,0 Dorton Court
478,Jacinda,Spurgin,Tzc0KBV,jspurgind9@gov.uk,4203697798,5 Maple Wood Lane
479,Tim,Noe,TzpQwHJeV,tnoeda@icio.us,3503678590,6672 Nevada Way
480,Armand,Rigolle,WI7YKBvwR,arigolledb@toplist.cz,9022710157,38 Cottonwood Avenue
481,Tressa,Chappelle,jBWVnFDnbQK,tchappelledc@posterous.com,3486133602,42172 Thackeray Avenue
482,Domenic,Ielden,dSFQUfjctn6A,dieldendd@scientificamerican.com,7381030810,5 Anthes Park
483,Ariela,Wasielewicz,zKZf2YwLRs,awasielewiczde@google.co.uk,9384242601,6 Myrtle Junction
484,Hector,Wildber,x012Lv1d,hwildberdf@statcounter.com,9841230151,2 Monica Terrace
485,Clarita,Lainton,PjgNpdj,claintondg@nasa.gov,5923514885,5575 Algoma Drive
486,Mireielle,Stickland,NWorh1HEeEOb,msticklanddh@thetimes.co.uk,5649614848,9500 Express Avenue
487,Marmaduke,Pampling,7MN90kXTZ,mpamplingdi@gnu.org,7255184533,3 Marcy Parkway
488,Selene,Barz,UMJRSZ,sbarzdj@ft.com,1278072861,84 Randy Parkway
489,Bobbee,Bewshire,gDai8uNtBCo,bbewshiredk@howstuffworks.com,4356534004,42404 Bayside Junction
490,Armstrong,Milvarnie,Bg9FNtK7,amilvarniedl@nationalgeographic.com,1105216159,50 Chive Hill
491,Sheba,Kingswood,WoggPu1x,skingswooddm@sciencedirect.com,3127891801,8302 Cascade Plaza
492,Imogene,Smeath,KcKlPkawxeO,ismeathdn@mlb.com,6734840733,40 Melvin Trail
493,Dosi,Strickland,yaeL63sx,dstricklanddo@nsw.gov.au,2514516779,23 Ohio Alley
494,Bartholomeus,Cowlishaw,24xr3o,bcowlishawdp@t.co,7564089874,3165 Reinke Street
495,Lucius,Briars,aF9sgZ5zhkY,lbriarsdq@skype.com,4631923360,2345 Clarendon Alley
496,Karyn,Dryburgh,SBPRTHK9,kdryburghdr@technorati.com,2705529649,18145 Boyd Place
497,Gabriell,Castellet,kfHhCSnVo4i,gcastelletds@weather.com,5951067808,2 2nd Center
498,Lucky,Heavens,lufmJWX,lheavensdt@acquirethisname.com,1181911803,00546 Crownhardt Lane
499,Robbi,Wellbelove,W4QJqin,rwellbelovedu@zimbio.com,8542551724,12130 Hoard Lane
500,Leola,Queenborough,w1EnV7LhdXi,lqueenboroughdv@cnet.com,3337677658,49391 Green Point
501,Jenny,Rickardes,jaNTTids,jrickardesdw@reference.com,1288230385,50 Lillian Park
502,Ellyn,Weld,SdGj1HIL,ewelddx@dmoz.org,3841376532,4584 Buell Lane
503,Englebert,Facher,zDq3qoCC7O6,efacherdy@ted.com,6953543310,6 Lukken Court
504,Wilhelmine,Scottini,BSygCvPT9c,wscottinidz@meetup.com,4988517758,1905 Dakota Point
505,Penny,Skoggings,vh6AvgmrI,pskoggingse0@parallels.com,3505816687,6 Coleman Parkway
506,Isaac,Withrington,7JRTpOy9mVt,iwithringtone1@umich.edu,9676957453,55 Duke Court
507,Deina,Felce,YIE0h3GZ,dfelcee2@ucoz.ru,9925114662,45293 Nova Point
508,Kendra,Blinman,jmiXU4WbJoFD,kblinmane3@homestead.com,6293456342,97 Sauthoff Way
509,Jessee,Gosenell,mKgg6MW,jgosenelle4@imdb.com,8079646462,71283 Shasta Center
510,Jaquelyn,Tregale,Rjm5WBg1i,jtregalee5@google.co.jp,3059108297,35358 Corscot Drive
511,Eva,Slavin,9i3L2VW,eslavine6@friendfeed.com,5895665978,1225 Larry Place
512,Claire,Harring,8IRQDVtyAu,charringe7@hc360.com,2931170043,30835 Mockingbird Way
513,Lainey,Frankum,G2zUBTZCUczA,lfrankume8@cnn.com,6691615220,0 Michigan Avenue
514,Nerita,Vanyashkin,vJPtoRlJgDly,nvanyashkine9@jigsy.com,5133160996,0837 Eastwood Center
515,Lorilee,Frayne,yAOdHvIjnhX,lfrayneea@xing.com,4448059109,5 Tomscot Park
516,Auberta,Towl,pvbqQOf4Lgd,atowleb@etsy.com,5409994630,74 Heath Pass
517,Cullin,Donneely,15VVMD1,cdonneelyec@slashdot.org,9974598335,583 American Ash Terrace
518,Dela,Shiels,UJcl5UAnTm,dshielsed@auda.org.au,9836850931,756 Dorton Trail
519,Danny,Loudian,sarbDuTp599,dloudianee@wikimedia.org,7208289239,1093 Paget Lane
520,Ronnica,Signorelli,xKvOXF,rsignorellief@a8.net,4887806215,51489 Hanson Drive
521,Domenico,Barstock,fTxC2aDuFvZf,dbarstockeg@sbwire.com,1579042234,96 Karstens Street
522,Karlis,Dat,nPE7PrA,kdateh@dmoz.org,4731191445,105 Mayfield Avenue
523,Rikki,Vynall,vxBBKhP9,rvynallei@github.io,5137565792,3 Mariners Cove Plaza
524,Luciana,Healing,HnCoyqnGA,lhealingej@amazon.co.uk,2736960664,1 Green Ridge Lane
525,Ginger,Gledstane,O8YqY8y3C56,ggledstaneek@cyberchimps.com,2082659415,91 Melby Way
526,Hedwig,Oade,DWfDnH,hoadeel@bbb.org,5057567775,9809 Toban Center
527,Esteban,Cappel,HkAlpHL,ecappelem@geocities.com,6291822073,6753 Meadow Valley Way
528,Renee,Pegler,BC9NGRWCOAVj,rpegleren@mtv.com,5958018469,07 Arkansas Way
529,Fransisco,Gaucher,exr7tzWDpU2e,fgauchereo@nih.gov,8798628572,85641 Dayton Pass
530,Aliza,Pilipets,X5Z4LHx,apilipetsep@canalblog.com,3874908560,92161 Atwood Street
531,Pippo,Wasling,rwU0vPgvYSn,pwaslingeq@biblegateway.com,8905377124,2 Carberry Court
532,Rosalind,Ladell,iWg1q4kj,rladeller@vkontakte.ru,5156609874,80 Norway Maple Crossing
533,Gisela,Dennehy,BzwWM8qO,gdennehyes@utexas.edu,8594258594,64916 Hintze Avenue
534,Mel,Pear,iJf2MFMjXxs,mpearet@foxnews.com,7622883955,3 North Street
535,Ruth,Beauman,rsuKShrUr0J5,rbeaumaneu@slashdot.org,1495555517,65682 Veith Trail
536,Salome,Trivett,hRVzuE,strivettev@amazonaws.com,1032210703,69943 Lighthouse Bay Junction
537,Ibby,Buche,DqX1G9,ibucheew@nymag.com,3113651069,66 Leroy Center
538,Clim,Gransden,5MwYB3VWYVl,cgransdenex@nifty.com,8238208356,0916 Gulseth Crossing
539,Lindon,Sollowaye,AMC7M18TojwK,lsollowayeey@edublogs.org,8957673136,00345 Haas Circle
540,Sargent,Blazi,M70c2cvsHP,sblaziez@mit.edu,3181483165,3 Bayside Avenue
541,Creigh,Evensden,gKX3ezE9ifpR,cevensdenf0@youtu.be,6663696601,5 Larry Way
542,Nat,Thiolier,X4ceGCz3eq,nthiolierf1@squidoo.com,5137738193,31184 Holmberg Park
543,Chandler,Vardon,7MTeaO97m,cvardonf2@weather.com,1659861469,82 Shoshone Terrace
544,Ernesto,Vila,JFyoyKr,evilaf3@sfgate.com,6587412381,2949 Forster Hill
545,Justinian,Mountford,7tpaR9V,jmountfordf4@squidoo.com,5939835637,805 Prairieview Drive
546,Berta,Ince,4OZ2PZBV,bincef5@cnn.com,6381947424,92 East Center
547,Blondell,Gotcher,Zcn5sH,bgotcherf6@booking.com,9125361451,8 Banding Circle
548,Aymer,Halahan,daTQcbG,ahalahanf7@naver.com,2945369719,5 Green Ridge Drive
549,Danny,Thorburn,ZAnoHr6nfmm,dthorburnf8@hc360.com,9824732491,17 Lillian Center
550,Seymour,Grocock,8uxzAFKmO,sgrocockf9@barnesandnoble.com,1355927798,71204 Wayridge Pass
551,Happy,Dutteridge,NWBiYybJ,hdutteridgefa@accuweather.com,1741422331,8 Eastwood Circle
552,Lind,Deek,tbI3YbruF5,ldeekfb@hugedomains.com,3394041216,47151 Jenifer Trail
553,Connie,Bowgen,dzcZH0v59W,cbowgenfc@webnode.com,2474081815,3 Aberg Junction
554,Iosep,Kauscher,ObWi5z4H7,ikauscherfd@deliciousdays.com,7974666918,90140 Melrose Pass
555,Caye,Godding,O7H7ZQ4W,cgoddingfe@baidu.com,5674729111,9 Haas Junction
556,Mason,Frise,ATnb8AGh,mfriseff@diigo.com,6545587525,68317 Gale Trail
557,Sibylle,Droghan,gCsdcY,sdroghanfg@deviantart.com,4483800846,4 Luster Street
558,Jaquenetta,Paudin,ygJqD3lJn,jpaudinfh@dagondesign.com,7793929708,63767 Bunker Hill Crossing
559,Michaelina,Bonallack,rRbHOlwHPZp,mbonallackfi@virginia.edu,5994001576,3775 Gulseth Alley
560,Vania,Hefford,ERVklRB,vheffordfj@salon.com,5385261608,0795 Karstens Alley
561,Lonee,Hamnett,u4ouxPDcRM9,lhamnettfk@dagondesign.com,1704448331,8218 Anderson Street
562,Ingar,Rein,gqqdgKoGRH,ireinfl@forbes.com,8558674035,0 Basil Junction
563,Alphard,Jane,l6BYgX,ajanefm@usnews.com,5063454213,33 Northridge Place
564,Dalli,McIlvaney,itplOEC,dmcilvaneyfn@topsy.com,3277643220,10 Harper Terrace
565,Nana,Lammenga,yTotYULcPJo,nlammengafo@instagram.com,1028240801,1541 Thackeray Plaza
566,Hiram,Ragbourne,NoPz0ttQ6,hragbournefp@goo.gl,2062050519,361 Debra Way
567,Clarey,Sutehall,hlDJElNiL13,csutehallfq@nasa.gov,4851047395,00 South Place
568,Koralle,Lightowlers,bKcysZAxSdv1,klightowlersfr@1und1.de,6059847405,16 Birchwood Avenue
569,Bobine,Probate,85XKJtt,bprobatefs@tinypic.com,4127779498,58468 Pleasure Crossing
570,Bordie,Hudghton,C42PQPUp,bhudghtonft@amazonaws.com,8147997863,68388 Hallows Street
571,Godwin,Papa,vg1ZEwDsik1Q,gpapafu@ocn.ne.jp,5476914306,207 Birchwood Pass
572,Trev,Cabera,4u7htuOEmiht,tcaberafv@bizjournals.com,9642558081,82288 Jackson Lane
573,Brantley,Pavlov,urQJBupjIRy,bpavlovfw@etsy.com,3522234618,34 Sommers Pass
574,Sabra,Withringten,wkFEV2l,swithringtenfx@gov.uk,7497518584,38570 Butternut Junction
575,Hagan,Dyet,vIURDtEw,hdyetfy@macromedia.com,6659767998,81 Wayridge Place
576,Codie,Cooch,3xi6L6d5e,ccoochfz@google.it,4534400225,62 Briar Crest Lane
577,Salmon,Berwick,stbWo3,sberwickg0@tamu.edu,1075717003,01326 Bobwhite Hill
578,Jayne,Pauer,bWs3RnoZoIp,jpauerg1@census.gov,1479364710,94812 Cody Avenue
579,Robinette,MacKimmie,sjElATsPAUB3,rmackimmieg2@narod.ru,8744172829,0184 Crownhardt Point
580,Eileen,Skocroft,DBSDzfC,eskocroftg3@pcworld.com,4084864543,9 Burrows Hill
581,Haleigh,Hansod,9X8DgwJGdy2s,hhansodg4@umn.edu,1033897363,9404 Debra Plaza
582,Francklin,Luc,dbuh1oLU40,flucg5@amazonaws.com,2669153037,54756 Gerald Pass
583,Alia,Enderle,umaWalVvI,aenderleg6@xing.com,9178731610,68 Charing Cross Street
584,Justine,Gilchrest,vJqoAdT,jgilchrestg7@wp.com,3163479367,97 La Follette Pass
585,Catharina,Gleader,Op0WaLwCqz68,cgleaderg8@wikimedia.org,6912881475,482 Utah Pass
586,Arly,Traynor,nRVTSCAHUWG,atraynorg9@howstuffworks.com,7421814421,88025 Florence Alley
587,Sunny,D'orsay,eDzmFhP,sdorsayga@icio.us,9273291227,414 Alpine Pass
588,Lincoln,Boyer,aBNqwFvgjH3,lboyergb@homestead.com,1723793718,09016 Magdeline Way
589,Yalonda,Marshman,eE6YwJox5rl,ymarshmangc@prweb.com,8965559220,37 Golden Leaf Lane
590,Sansone,Corbitt,v20LoBEv,scorbittgd@utexas.edu,3778037694,8634 Arapahoe Plaza
591,Aurelie,Rosensaft,U7O8cNLsvkYL,arosensaftge@amazon.com,8503261709,1634 Stang Court
592,Vin,Kloska,PyMQ074p,vkloskagf@constantcontact.com,3363255615,692 Prairieview Lane
593,Alberik,Sidney,IstOqELU,asidneygg@nasa.gov,6692122288,735 Thackeray Pass
594,Norbert,Sone,zx6yMzf,nsonegh@bloglovin.com,7087289226,48703 Nancy Crossing
595,Emmaline,Sarfat,CN9kKSR,esarfatgi@goo.ne.jp,2596289759,831 Hoepker Avenue
596,Banky,Balnave,XUd9ondPn,bbalnavegj@weibo.com,2814922668,095 Superior Terrace
597,Kahaleel,Aldhous,PuGsZ2D,kaldhousgk@woothemes.com,6487729999,3 Laurel Plaza
598,Moore,Shoorbrooke,EFFtoczS,mshoorbrookegl@friendfeed.com,5913837635,6137 North Junction
599,Guillemette,Casero,W0E6fKFoY,gcaserogm@devhub.com,7819979280,781 Transport Plaza
600,Norbie,Ship,9NJSmHi,nshipgn@boston.com,2568980201,0 Towne Way
601,Si,Lammertz,uHPW8r8,slammertzgo@weebly.com,6821825972,49 Blaine Hill
602,Raddie,Tohill,nRCMH9qBqULm,rtohillgp@baidu.com,1248231615,4 Monument Circle
603,Orelie,Smithend,u6kKVx0,osmithendgq@shinystat.com,1968752608,870 Pierstorff Point
604,Ad,Gabey,bBgxGKc4gY,agabeygr@nbcnews.com,5529894937,6648 Sommers Way
605,Simmonds,Slainey,z7WYf6w0Jg3s,sslaineygs@arstechnica.com,2866582519,07535 Debs Terrace
606,Goldy,Richichi,TQhqIwac1,grichichigt@china.com.cn,7123479035,2094 American Junction
607,Pris,Cronk,GbgE9g9Zx,pcronkgu@wufoo.com,5096360130,6045 Dakota Parkway
608,Raul,Cahan,hirueW,rcahangv@jalbum.net,4423459035,35 Ohio Junction
609,Dare,Trunby,sHC8tvAn1q0t,dtrunbygw@google.it,4778370161,4518 Moland Trail
610,Wyn,Youle,Fl0sVK2,wyoulegx@nydailynews.com,2705094119,308 Havey Center
611,Libbey,Edlyne,LRcRxfjTj6,ledlynegy@acquirethisname.com,9952005626,19 Monica Circle
612,Marysa,Hedylstone,oX97wn,mhedylstonegz@webs.com,4236133563,220 Cascade Hill
613,Bart,Bridgewater,WCA1fLotlIT,bbridgewaterh0@elpais.com,3775869837,3191 Florence Alley
614,Audi,Morena,fz2QMQ5Z5T,amorenah1@comcast.net,3039023402,570 Marcy Junction
615,Marshal,Toulch,gjwGcM5,mtoulchh2@ning.com,2207300287,74087 Dottie Plaza
616,Celle,Copcote,6VnCKhyS,ccopcoteh3@delicious.com,5058605521,50459 Hoepker Trail
617,Clair,Gent,JqTZSIWG,cgenth4@google.com.br,4352105982,529 Service Road
618,Cyrille,Brookton,n2vA7JbvluKc,cbrooktonh5@unicef.org,1621857059,84461 Oak Terrace
619,Freddy,Keep,6akSGO4MhWHw,fkeeph6@businessinsider.com,6393545519,87102 Autumn Leaf Road
620,Diahann,Le Fevre,FoBjiwta3y,dlefevreh7@yellowbook.com,3212361611,1 Pennsylvania Crossing
621,Mischa,Netting,7JjZ30,mnettingh8@jalbum.net,2923585236,5577 Welch Point
622,Torrey,Pagen,NSekwbO3XAI7,tpagenh9@yellowbook.com,6304519887,98 Lyons Way
623,Colly,Brennen,FXo3OAB16G,cbrennenha@ucla.edu,5309244007,079 Garrison Plaza
624,Eward,Monnery,O117PDkS,emonneryhb@wp.com,4824813505,97160 Debs Pass
625,Pia,Gaffer,BbtpAX2D1Y5j,pgafferhc@paginegialle.it,1611712629,7763 Bluejay Street
626,Philipa,Chadwick,QVpxQzyJ3h,pchadwickhd@opera.com,5146222736,1 Stone Corner Way
627,Ron,Kimmel,GoCxUiuF2,rkimmelhe@myspace.com,9732479945,0307 Novick Avenue
628,Mikael,Cristofalo,VOgPpFdEjM,mcristofalohf@unicef.org,5087300887,782 Westerfield Circle
629,Boothe,Peeters,zKMg4WbH3Znz,bpeetershg@forbes.com,8487720787,598 Springs Crossing
630,Lyndsay,Manuello,AbbnhghokHQ,lmanuellohh@infoseek.co.jp,6065705391,94 Mandrake Court
631,Gabbie,Pettinger,u5TNHbzsj7B,gpettingerhi@illinois.edu,7391656225,76140 Twin Pines Hill
632,Garrard,Rogers,scdWCVw,grogershj@drupal.org,4668456995,34878 La Follette Alley
633,Pat,Mutton,ilbkud,pmuttonhk@buzzfeed.com,7961563840,91480 Waywood Way
634,Leanora,Dumphries,ljw6yjTPG8,ldumphrieshl@soup.io,8631089235,0307 Michigan Hill
635,Marigold,Fearne,XjJTHZlIo0,mfearnehm@upenn.edu,9638605146,11109 Fordem Park
636,Howie,Hurlin,YtIsCkDld,hhurlinhn@japanpost.jp,9777682303,07149 Westridge Pass
637,Karylin,Comsty,m0qry3,kcomstyho@wiley.com,8429979830,0 Delaware Terrace
638,Antoni,Arundel,ONZ6R1Z,aarundelhp@reverbnation.com,7923196279,9 Colorado Way
639,Camile,Whimp,oX5Beu,cwhimphq@canalblog.com,9547257979,107 Sugar Way
640,Reese,Baxstair,L8uoxhbtT,rbaxstairhr@issuu.com,9841789777,63392 7th Place
641,Mallory,Carnier,rqssu6,mcarnierhs@cnet.com,3706993905,744 Granby Lane
642,Rozelle,Fosten,m6lDU5BHd6Vj,rfostenht@diigo.com,2395098697,5280 Bluestem Terrace
643,Carolee,Care,shS5DIPVkQL,ccarehu@seattletimes.com,5535975366,7868 Bartelt Court
644,Peri,Pavis,D3p729YC3yOo,ppavishv@scientificamerican.com,5051042561,76 Bluejay Court
645,Brigham,Soares,uEipDHHIzr,bsoareshw@sina.com.cn,3498292637,5803 4th Trail
646,Camilla,Bevington,EAP0IIC1hRfU,cbevingtonhx@msn.com,7937518786,60924 Columbus Plaza
647,Celina,McMoyer,WM6uXELskM4D,cmcmoyerhy@soundcloud.com,6529649555,75 Sundown Way
648,Dari,Filby,QANZ3wON6,dfilbyhz@usa.gov,4615537001,168 Heffernan Point
649,Lise,Tschirasche,a3W9BnVy,ltschiraschei0@woothemes.com,8913000293,19526 Talisman Trail
650,Shea,Barti,WtVFiWNP,sbartii1@example.com,8871271348,977 Orin Pass
651,Allianora,Dibdin,RfT91Tu,adibdini2@cmu.edu,6828507510,1911 Clemons Plaza
652,Howie,Caughey,jr0uDX,hcaugheyi3@buzzfeed.com,3087552784,1539 Cherokee Road
653,Dora,Thrush,0ztC97D0wr,dthrushi4@ycombinator.com,1181674652,727 South Drive
654,Bonnee,Sonnenschein,vvsXKUAOi,bsonnenscheini5@reference.com,8333333963,66 Dorton Pass
655,Cookie,Wilks,iDhNwvFy,cwilksi6@about.com,4012680407,5 Monica Place
656,Latrena,Massel,PuKhDL,lmasseli7@delicious.com,6063968729,6109 International Street
657,Dame,Suart,AACCIXvWK,dsuarti8@adobe.com,5908381781,0069 Helena Crossing
658,Dawna,Corbin,C1LSvD,dcorbini9@fda.gov,7638901663,52172 Union Place
659,Cortney,Bulfield,VLXSB7VI,cbulfieldia@virginia.edu,2694154984,95300 Dottie Pass
660,Simone,Turvey,NKtb21C,sturveyib@telegraph.co.uk,1021095570,5 Monument Terrace
661,Ardith,Blaase,ltDAKlc,ablaaseic@google.nl,2455156070,3 Waxwing Point
662,Lucio,Warwicker,eTvx1E,lwarwickerid@nationalgeographic.com,7532399487,670 Sloan Drive
663,Emmery,Kleanthous,KAeiTqKfZ07,ekleanthousie@chronoengine.com,3172934771,04 Oakridge Hill
664,Seward,Bottinelli,VCt4FM,sbottinelliif@loc.gov,6605526875,84 Scoville Way
665,Jeffie,Bundock,pLM1EaNk70N,jbundockig@google.fr,2255388814,80 Novick Hill
666,Eolande,Pollard,KkxFPe2Y4A0q,epollardih@smh.com.au,8114124600,9331 Lyons Road
667,Elaine,McClintock,KOgt56P,emcclintockii@tuttocitta.it,9577804258,033 Mallory Avenue
668,Michael,Lesser,thTWZTs5f3,mlesserij@google.co.uk,3848153213,46252 Cascade Trail
669,Raine,Caulkett,gyA3PUP1s,rcaulkettik@instagram.com,4063201936,4363 Hoffman Street
670,Albina,Taylerson,RdqG2Z,ataylersonil@illinois.edu,6138511822,011 Ohio Terrace
671,Rozelle,Slocomb,actPK4i,rslocombim@shop-pro.jp,4858575082,0939 3rd Avenue
672,Sullivan,Mursell,SjBqAY16IdMB,smursellin@fda.gov,8113403832,98 Ryan Point
673,Silvano,Donaher,nBAnLSdRnbNv,sdonaherio@stumbleupon.com,9406417875,03615 Fuller Park
674,Justinn,Glencrash,8ylV9i,jglencraship@wikispaces.com,2254562005,87259 Carberry Pass
675,Kynthia,Nason,vHDf9GIrQgAO,knasoniq@state.tx.us,6621735442,1785 Prentice Crossing
676,Sella,Corsan,8mv6KQEZpB0N,scorsanir@nifty.com,5187401330,3 Gale Way
677,Lesli,Abbotson,9KPz0ASmXI,labbotsonis@booking.com,5394850593,99008 Kennedy Avenue
678,Trever,Possell,6gUAZfyuQ,tpossellit@list-manage.com,7406828795,32058 Linden Alley
679,Earl,Bakster,ioj2ibOXm,ebaksteriu@salon.com,9199674025,6927 Harbort Parkway
680,Ware,Goodwell,Q64KGQ9,wgoodwelliv@ihg.com,1409935629,99633 Valley Edge Hill
681,Maurizio,Pancoust,UVxzDhev6OOd,mpancoustiw@noaa.gov,3967876557,54265 Menomonie Center
682,Dayna,Pawlik,XrSZjo,dpawlikix@msn.com,2499894999,16109 Esch Place
683,Elia,Muldoon,jo0z4a,emuldooniy@wikimedia.org,4551666622,0 Graceland Avenue
684,Vidovik,Drew-Clifton,ZveXCy6MLTN,vdrewcliftoniz@squarespace.com,7225769476,35743 Amoth Avenue
685,Vernice,Hiscoke,ywgI9bCg4,vhiscokej0@about.com,7331946804,6 Clove Street
686,Kamila,Tellenbrok,0aOJfEHQ,ktellenbrokj1@globo.com,4027735317,5 Thompson Drive
687,Benji,Rubenfeld,aP4u2ckwd20,brubenfeldj2@intel.com,7252851243,690 Dovetail Place
688,Loreen,Nelsey,FTxJukuAZS6,lnelseyj3@bigcartel.com,1947378962,1835 Sheridan Street
689,Vernor,Sher,dn12Ie,vsherj4@so-net.ne.jp,2293011424,5 Charing Cross Point
690,Yancy,Shorton,1mLImCzdZ,yshortonj5@pen.io,8508775699,8 Stone Corner Point
691,Stephie,Vinecombe,ekdDBZV,svinecombej6@marketwatch.com,6324437027,58707 Mesta Road
692,Tarrah,Chillcot,9RwhI42pGw,tchillcotj7@disqus.com,8382256225,8139 Chinook Trail
693,Gracie,Middle,yPCEdZ4R2a,gmiddlej8@howstuffworks.com,1288405756,95305 Pawling Lane
694,Lemmie,Pikett,mHu0a6m48jl,lpikettj9@mit.edu,8873788472,3988 Eastlawn Avenue
695,Alys,Maffione,X5QKd2Cs,amaffioneja@prweb.com,2313247427,0 Reinke Lane
696,Leela,Moizer,98WuCOkngf,lmoizerjb@abc.net.au,6823331808,18235 Mccormick Plaza
697,Carissa,Shirland,1uACUo,cshirlandjc@topsy.com,2333913407,3204 Hauk Parkway
698,Olympe,Barwell,cUr1dt7efIm,obarwelljd@gov.uk,2654764367,3451 Ludington Road
699,Claus,Rimour,dcuI5gnXP,crimourje@answers.com,9151346998,1 Columbus Avenue
700,Robinett,Wimpress,b3O612zO3CFA,rwimpressjf@ucla.edu,6025445002,800 Northland Street
701,Garwood,Videan,3XLecEl0kKh,gvideanjg@typepad.com,2622329293,1833 American Court
702,Devi,Bessell,pbuuLRNAF54I,dbesselljh@nba.com,7715280562,892 Atwood Alley
703,Terra,Simioni,4Y3qD17tZ0,tsimioniji@hugedomains.com,7281922968,67150 3rd Way
704,Tessy,Stoffels,XwA9lw,tstoffelsjj@soup.io,6957408612,0853 Thackeray Street
705,Nicolea,Askell,ZeM7pk8YJU7,naskelljk@columbia.edu,7998945501,8983 Lakewood Hill
706,Helenka,Ferebee,Z6JhBF,hferebeejl@bloomberg.com,1378105301,8387 Summit Trail
707,Wenda,Steinhammer,YinEnR,wsteinhammerjm@princeton.edu,3141039600,02802 Brickson Park Crossing
708,Wilma,Kimbrey,DYYG6V5,wkimbreyjn@ebay.com,4979133878,0 Hauk Road
709,Cairistiona,Pimlock,HPrMF8x,cpimlockjo@phoca.cz,9781368740,17 Oakridge Pass
710,Joli,MacKenney,V8NlyK78vwZ,jmackenneyjp@tripod.com,9429200779,41315 Oak Parkway
711,Hunt,Applegate,bCM3OG,happlegatejq@timesonline.co.uk,1532178547,85 Eagan Place
712,Valentia,Benz,dvxE1RIY,vbenzjr@ca.gov,4179118654,91 Debra Avenue
713,Dewey,Lagden,cnJ4nDP,dlagdenjs@digg.com,1661992192,1902 Evergreen Road
714,Jaquenetta,Bartul,nGfZLwgX1,jbartuljt@google.de,1897440259,49 Nevada Lane
715,Kim,Storton,9XUBck,kstortonju@infoseek.co.jp,1679704440,83428 Spaight Park
716,Weidar,Spindler,1gnmtBsH,wspindlerjv@biglobe.ne.jp,3864356463,05 Utah Road
717,Jefferey,Preston,Ks6dBC,jprestonjw@liveinternet.ru,2523817057,20 Cardinal Crossing
718,Adella,Kavanagh,T3TRavFc,akavanaghjx@free.fr,2456795742,2790 Browning Trail
719,Garv,Monkley,sr94cu,gmonkleyjy@is.gd,2529252263,36 Sycamore Circle
720,Howey,Cockroft,xpHTdj2V,hcockroftjz@vistaprint.com,6388445305,383 Arizona Park
721,Kara,Gemmill,O4TLKso,kgemmillk0@clickbank.net,3231759466,755 Redwing Trail
722,Emelia,Rushmare,M0ah57BO5a,erushmarek1@engadget.com,5185797299,13012 2nd Lane
723,Nikkie,Paton,4vjk77I,npatonk2@eepurl.com,7154507225,6167 Monica Parkway
724,Fifi,Pesik,eoME5OjQp,fpesikk3@uol.com.br,1366217180,6591 Merrick Parkway
725,Land,Walthew,ouHEHv90zQOQ,lwalthewk4@imageshack.us,9581145678,84028 Scoville Parkway
726,Rebekah,Zamorano,0TluTEXOa,rzamoranok5@google.nl,4764094016,62126 Park Meadow Avenue
727,Shell,Lichtfoth,nKyVSGYC8E,slichtfothk6@tripod.com,1091575031,97083 Ramsey Alley
728,Emmanuel,Meugens,Ee8qyrNiJXt,emeugensk7@elegantthemes.com,2985386249,91 Debra Center
729,Winslow,Nolleth,4psYkqj,wnollethk8@usatoday.com,6609577241,84 Portage Alley
730,Ly,Kersey,TnnmdeB7kPEK,lkerseyk9@github.com,9665391042,8 Crownhardt Crossing
731,Reggi,Lamar,j4d3q0Ato,rlamarka@biglobe.ne.jp,9092373572,7900 Spohn Alley
732,Michaelina,Titchmarsh,tyHtDQZkg0o,mtitchmarshkb@mail.ru,7411755343,9 Aberg Alley
733,Ailina,Spellar,jW1ASlRbg,aspellarkc@utexas.edu,3156177085,4 North Way
734,Thatch,Rummins,rIdliP6,trumminskd@e-recht24.de,1365651094,6730 Clarendon Plaza
735,Reynold,Gillatt,BNoKUpEnKe,rgillattke@unicef.org,6177879501,51657 Maryland Court
736,Anthia,Jancso,05Yt2ww2cqn,ajancsokf@51.la,3691144759,75496 Grim Street
737,Serene,Wheatman,hRAJgz,swheatmankg@wsj.com,6222713346,6114 Erie Road
738,Alberto,Spink,YzDL8lMnvH2,aspinkkh@google.ru,1087076564,5 Everett Hill
739,Rahel,Soonhouse,98KGamESrq,rsoonhouseki@nps.gov,1098641380,36 Summit Junction
740,Anabal,Poulston,kLAu6Z,apoulstonkj@japanpost.jp,8872826992,7 Chive Park
741,Inez,Brinsford,0P5Q1YBXh,ibrinsfordkk@earthlink.net,2002367193,633 Bartillon Lane
742,Riobard,Sheed,hqmbwr2q,rsheedkl@japanpost.jp,7943200914,7 Kings Place
743,Mikael,Knapman,ZybzuaKMi,mknapmankm@ning.com,1373365179,956 Darwin Avenue
744,Kipp,Trenbey,hxwxpzFEeBs,ktrenbeykn@hostgator.com,1966928218,39094 Hauk Pass
745,Tabbi,Boow,W8O5ByP4jb,tboowko@themeforest.net,6033874454,72517 Lyons Hill
746,Salomone,Kingswoode,jJ90Ze,skingswoodekp@forbes.com,7392790400,12450 Orin Crossing
747,Elliot,Arent,2xx3o6x1Tx,earentkq@opera.com,3643199349,372 Hoepker Plaza
748,Madelina,Niesing,FCfh881kF,mniesingkr@g.co,2768441113,04 Continental Pass
749,Martino,Mote,BNG12S2Y7L2,mmoteks@imageshack.us,9999566751,53152 Sachs Crossing
750,Daphna,Scurrah,MW28loun,dscurrahkt@archive.org,6167676522,8853 Starling Plaza
751,Odey,Tams,FmzepN,otamsku@gov.uk,8111144886,21081 Dwight Center
752,Kate,Greave,qA6i6H4v1,kgreavekv@europa.eu,2332709286,32815 Montana Lane
753,Frazier,Petrakov,sVSGx6AVB,fpetrakovkw@goo.ne.jp,2678801726,37436 Utah Junction
754,Wilbur,Stannion,9p7pnEGTp,wstannionkx@google.com,6767024532,222 Swallow Center
755,Alyson,Craske,GqicNDWhwx,acraskeky@unc.edu,2515592882,8 Loomis Way
756,Cindelyn,Ciobutaru,voUNwh4J,cciobutarukz@ed.gov,6988599866,63951 Stone Corner Trail
757,Ryann,Abdy,er2igP,rabdyl0@wunderground.com,6693240272,55 Algoma Plaza
758,Amelia,Grafham,5rMkfQR3zwX,agrafhaml1@biblegateway.com,3732578195,0054 Sloan Way
759,Nannette,Bounde,CxUCiFYY,nboundel2@arizona.edu,1336800311,70 Dixon Avenue
760,Cristin,Jansie,AA9Mu2pir1l,cjansiel3@wufoo.com,6464270123,143 Sage Plaza
761,Laney,Carnaman,JgJzj8D,lcarnamanl4@hatena.ne.jp,3718814890,5051 Swallow Circle
762,Claiborne,Antalffy,WrNQHJx,cantalffyl5@usgs.gov,7861917791,86 Cordelia Crossing
763,Bertie,Lukes,84v91b,blukesl6@drupal.org,4494531878,30 Golf Alley
764,Delbert,Hobden,gvBHOy2pufR,dhobdenl7@scribd.com,8442350158,4500 Oak Terrace
765,Caresse,Vanini,y4LUjefGJWWu,cvaninil8@hatena.ne.jp,1012434852,852 Forest Run Alley
766,Nettie,Lezemere,E5gnkNnv7bgO,nlezemerel9@paypal.com,2371258739,533 Prairieview Crossing
767,Flor,Stoacley,lqyqgGV7E0,fstoacleyla@stumbleupon.com,2808270323,9 Straubel Point
768,Raymund,Sabbin,8jfeEvt1x,rsabbinlb@fema.gov,6853813970,96085 Sommers Center
769,Silva,Cavey,7LwvXWDB,scaveylc@sun.com,2969076068,038 Ludington Alley
770,Raynell,Foli,qBcrZK4BX9dk,rfolild@cbsnews.com,5431414762,860 Clarendon Place
771,Leisha,Byass,QEXs2uOS,lbyassle@usnews.com,2758123771,12990 Vernon Pass
772,Saxon,Renol,Ydzsll,srenollf@about.com,8017799000,46 Towne Alley
773,Gavra,Flucker,MtQALhz,gfluckerlg@studiopress.com,3794075673,35 Novick Court
774,Truda,Simonnin,k4Zj3di9,tsimonninlh@vk.com,6755740847,66041 Homewood Terrace
775,Tabbatha,Crispin,izQ5FKGv,tcrispinli@google.co.jp,7071228509,32326 Springs Plaza
776,Allys,Gabitis,S8HOmr5MSzuW,agabitislj@cocolog-nifty.com,8198349915,54629 Dexter Avenue
777,Dare,Cervantes,kOIKv6fo,dcervanteslk@dedecms.com,8169133409,5444 Vidon Center
778,Ginevra,Girauld,lyK1TOJLjUmU,ggirauldll@nps.gov,8127707924,1278 Sheridan Lane
779,Noelle,Hambridge,NQ4JBgRIi,nhambridgelm@wp.com,6084830321,23203 Fremont Way
780,Joly,Emanuelli,oWinvphU,jemanuelliln@elpais.com,3715065850,125 Service Park
781,Irena,Cowie,hSJqDL4L,icowielo@soup.io,3632859405,8447 Vernon Road
782,Toma,Denty,sU1Fzpg,tdentylp@storify.com,2541901477,86 Carpenter Street
783,Skippie,Jouanny,FWBFzSrX6qkB,sjouannylq@comsenz.com,1237191522,3 Pawling Road
784,Meir,Redford,LEV6gXGmA,mredfordlr@cam.ac.uk,7215773760,4 Eastlawn Court
785,Claiborne,Murrow,cUbnALu9iYuP,cmurrowls@sohu.com,3815773255,5043 Bowman Street
786,Artemis,Inglish,9cTtRzn3XTk,ainglishlt@e-recht24.de,1875136155,4888 Chinook Lane
787,Terrance,Starrs,CHG6hu,tstarrslu@indiegogo.com,5793784690,036 Summerview Street
788,Ossie,Newland,Y0EyODcDg,onewlandlv@java.com,8958173865,9474 Menomonie Alley
789,Herta,Jerzycowski,dWvw8zA,hjerzycowskilw@ibm.com,3409757954,91028 Gateway Trail
790,Alyssa,Fazan,M4hHXHKBJ,afazanlx@chronoengine.com,2783423537,84539 Dwight Plaza
791,Suzette,Peddel,GkfFwpaqu4,speddelly@si.edu,6724000116,9530 Lien Alley
792,Ertha,Nelsen,uB5lOG,enelsenlz@com.com,5613603353,8 High Crossing Point
793,Irwinn,Petcher,ZLK6Pi,ipetcherm0@oaic.gov.au,4293807341,22 Loftsgordon Center
794,Sharline,Hodges,48FMq26,shodgesm1@whitehouse.gov,2102966676,75 Scoville Crossing
795,Christian,Abbotts,0hgSl3,cabbottsm2@sina.com.cn,5412760095,94 Moose Alley
796,Reuven,Maryin,uLp71Qd1ov7r,rmaryinm3@army.mil,2369956868,515 Iowa Pass
797,Frayda,Tattersill,UE7233,ftattersillm4@ucla.edu,5329931625,70670 Straubel Lane
798,Yvon,Debrick,mCw2J2,ydebrickm5@jimdo.com,5816623335,25602 Muir Terrace
799,Robb,Cockshoot,qBTBxaaNr,rcockshootm6@sitemeter.com,9633282940,0983 Nobel Parkway
800,Etta,Eyrl,RhyG8SHM,eeyrlm7@ovh.net,8659079378,7652 Manley Park
801,Maia,Flory,f0JOcVC8Kk,mflorym8@liveinternet.ru,6583273717,901 Memorial Street
802,Jobyna,Tansley,c6vTAXGpi,jtansleym9@miibeian.gov.cn,4058850423,9 Fulton Hill
803,Carolyn,Metheringham,7ksKLlRTT,cmetheringhamma@lycos.com,1619882387,19167 Sunnyside Street
804,Ham,Salter,NgyWlngPuBh,hsaltermb@usda.gov,9229896128,7693 Bobwhite Trail
805,Tirrell,Deeman,rZCr3TSADION,tdeemanmc@ocn.ne.jp,8086015703,4024 Mockingbird Court
806,Floria,Tipling,VXLdw5,ftiplingmd@un.org,7481518357,44184 Spenser Court
807,Roxana,McCotter,ixB2QicJ,rmccotterme@npr.org,8445854456,1674 Prentice Junction
808,Lynett,Powers,U7aprPYpc,lpowersmf@smugmug.com,3792468753,0860 Algoma Terrace
809,Hadleigh,Westcott,B8w48GXUp,hwestcottmg@amazon.com,8362256305,8378 Fair Oaks Avenue
810,Joceline,Lanfear,K7xY9QdNkK,jlanfearmh@google.ca,2433949518,8 Grayhawk Drive
811,Leia,Dewane,OpNL74iW,ldewanemi@businessweek.com,1664079316,04 Vidon Court
812,Gerianna,Yurikov,DmF6anJT1,gyurikovmj@quantcast.com,3153394320,75678 Granby Lane
813,Dale,Januszewski,VXYy9xYbqd,djanuszewskimk@reference.com,6565741261,62 Stuart Park
814,Rosemaria,Kyme,aIg2MU,rkymeml@symantec.com,6984453496,58760 Main Center
815,Ashien,Haycock,sEPRmerDgpZC,ahaycockmm@people.com.cn,9485219577,122 Carioca Trail
816,Wandie,Cumming,8z2ZS6OfOL,wcummingmn@dropbox.com,2959938697,8 Ronald Regan Parkway
817,Binky,Mixon,OJ4g3fYMyQDl,bmixonmo@wisc.edu,9216272428,42257 Banding Crossing
818,Quincy,Eilles,eZPjeynMwVk,qeillesmp@intel.com,8841942104,4913 Jenna Parkway
819,Reube,Skeel,s1KAoLii,rskeelmq@github.io,9424472675,42 Elgar Circle
820,Keslie,Ollett,UbquA1dt,kollettmr@diigo.com,9317574014,2 Moose Place
821,Grace,Wandtke,4nZ7wwfJadeH,gwandtkems@prweb.com,5891451414,2862 Oxford Trail
822,Rosalia,Wernham,G8gXS5,rwernhammt@vistaprint.com,9822600499,20 Hagan Hill
823,Jon,Blanque,GlB7ujw,jblanquemu@joomla.org,7109571429,93 Green Point
824,Emmalee,Blaszczynski,1vEYvh2,eblaszczynskimv@ucla.edu,1703894633,26 Thompson Alley
825,Rycca,Growcock,nLtQsH,rgrowcockmw@joomla.org,3429672656,00936 Kings Parkway
826,Ebeneser,Kneafsey,a81a9cl,ekneafseymx@google.com.au,5125788904,4 Cordelia Terrace
827,Mildrid,Gillbe,YChx5BzqlaC,mgillbemy@eventbrite.com,8936636884,5138 Del Mar Road
828,Hermina,Kivits,dUXXKm,hkivitsmz@skype.com,5011487320,98 Ridge Oak Plaza
829,Symon,Landeg,vFSy5bpRd,slandegn0@topsy.com,3122689014,7270 Menomonie Circle
830,Tamra,Giurio,0STftdNEVu,tgiurion1@google.nl,7443731830,0380 Boyd Hill
831,Jacklin,Lilloe,oU8PukX,jlilloen2@wordpress.com,2098232321,82 East Lane
832,Brennen,Coatsworth,OTULnVR5T,bcoatsworthn3@freewebs.com,4013779934,67889 Vahlen Place
833,Lita,Drinnan,5TEWAoPo,ldrinnann4@dion.ne.jp,5188295156,2324 Northview Lane
834,Catlee,Denver,tIWF5hxYt,cdenvern5@live.com,7146212979,94200 Crest Line Junction
835,Elana,Aberdein,73R3E1G,eaberdeinn6@gmpg.org,8578286029,98 Muir Place
836,Pavel,Orrill,37U5lais7,porrilln7@vk.com,1772663003,7 Elmside Junction
837,Laurence,Renvoise,XUcJbj,lrenvoisen8@slate.com,2848061357,08308 International Avenue
838,Liza,Siddle,1bg5daRavhb,lsiddlen9@artisteer.com,7806329951,132 Elmside Circle
839,Gris,Mancer,bpnaLMrxHqw,gmancerna@about.com,5571116742,6 Kim Hill
840,Wylie,Rand,9jW2njGpB1g,wrandnb@studiopress.com,2937682644,06922 Fordem Avenue
841,Faythe,Clemencon,b9DMcRD,fclemenconnc@51.la,2888543824,714 Gulseth Trail
842,Buiron,Laxen,3Lk4usy,blaxennd@myspace.com,7913616689,84 5th Street
843,Myca,Kernock,RobhFmCzq,mkernockne@godaddy.com,9871003829,0 Oak Point
844,Barnabe,Dunbobin,JzUXMaF9,bdunbobinnf@google.de,2131474046,82 American Ash Trail
845,Felecia,Pickhaver,6tHXRIp,fpickhaverng@hubpages.com,2255284516,3087 Grasskamp Parkway
846,Tadio,Pennell,gn4nbyxqYwJ9,tpennellnh@booking.com,8017425358,348 Fairview Road
847,Audra,Cano,CC8aqaFhr,acanoni@t.co,1057504209,82 Butterfield Alley
848,Raymond,Brou,q2pM09Uh,rbrounj@dyndns.org,3224300508,45745 Fair Oaks Park
849,Sal,Rosenfelt,zhJnjp,srosenfeltnk@ezinearticles.com,5826739408,913 Lawn Terrace
850,Brear,Heale,PMzKalo,bhealenl@irs.gov,9722422473,690 Walton Terrace
851,Misti,Cordeau],wj4sC1u6KcYw,mcordeaunm@ocn.ne.jp,9627381841,402 Kedzie Center
852,Christal,Sigars,wh8PoDi7,csigarsnn@mayoclinic.com,9044575757,529 Di Loreto Plaza
853,Morna,Fletcher,IjNMwW,mfletcherno@hp.com,2876145746,54 Anhalt Lane
854,Blaine,Rantoull,80zEERUxUmKQ,brantoullnp@prlog.org,5615666305,4 Northland Way
855,Cliff,MacGiolla,ORzs6wdP,cmacgiollanq@cnn.com,4274897232,64419 Rusk Avenue
856,Cilka,Rabbe,3jViyWQxxV,crabbenr@ezinearticles.com,8087770536,02 Knutson Way
857,Ernestine,Bentick,oXmBuhcnj,ebentickns@state.gov,3169953164,0 Jana Parkway
858,Franchot,Mullarkey,pWmi0BVsHDc,fmullarkeynt@msu.edu,5014650405,49981 Mifflin Junction
859,Elfreda,Zavittieri,pgaM4D,ezavittierinu@eventbrite.com,7232858226,64 Comanche Park
860,Nero,Di Biagi,0bAIBDJRy,ndibiaginv@google.com.hk,4028502755,282 Memorial Plaza
861,Emeline,Cuddehay,ZspwNZAoS,ecuddehaynw@accuweather.com,2599880499,8 Moulton Alley
862,Paquito,Lowles,6j3QVe0Mg,plowlesnx@123-reg.co.uk,5642758822,682 Logan Plaza
863,Vernor,Shellshear,eZFOpWXp,vshellshearny@cnet.com,4925675874,83 Truax Hill
864,Dorree,Ealles,GXATM23uAiT6,deallesnz@deliciousdays.com,5153356858,78838 Carpenter Center
865,Wang,Guyers,b1PuEActB6,wguyerso0@dot.gov,6722505134,82503 Pearson Park
866,Selby,Caras,vjpvQ4zJ3v,scaraso1@wikimedia.org,4497934185,138 Bay Drive
867,Del,Burne,M0dA55lR1kst,dburneo2@about.com,7575611765,3 Grim Court
868,Breanne,Posse,xxj2tiau8,bposseo3@elpais.com,5441012634,75575 Hoard Center
869,Audrye,Luthwood,flBMdeua92r,aluthwoodo4@wisc.edu,4309232262,37 Vidon Center
870,Pris,Sturge,qbFl04E,psturgeo5@twitpic.com,4676493742,8 Meadow Vale Pass
871,Rosemarie,Olfert,FerjNRFByWz,rolferto6@noaa.gov,1466135070,60 Dexter Drive
872,Kym,Schwant,KGLXWRpXT,kschwanto7@psu.edu,9212898942,220 Fuller Plaza
873,Joey,Djekic,ju7xwXDDg,jdjekico8@patch.com,8344262371,35327 Victoria Parkway
874,Shurlocke,Hodgets,hNYHOrOwe6A,shodgetso9@dagondesign.com,4941277665,5568 Butternut Way
875,Rickey,Abley,9FoYe31,rableyoa@photobucket.com,2086930800,8 Buena Vista Road
876,Bobby,Laba,VUjFH0yPZEQH,blabaob@nymag.com,4246611987,056 Kensington Center
877,Onofredo,Gore,SIQBeqvrwh,ogoreoc@unblog.fr,6347309730,7 3rd Pass
878,Gloria,Regi,HLSD25VF0aa,gregiod@illinois.edu,8978816238,0313 Stephen Junction
879,Briny,Gristhwaite,ZEI1Vox,bgristhwaiteoe@va.gov,1271131377,938 Hallows Hill
880,Ruddy,Stealfox,8KUDeVu,rstealfoxof@netscape.com,3548401089,3 Towne Way
881,Manfred,Anthiftle,ak4eYtfa2gw,manthiftleog@harvard.edu,6583909111,8186 Parkside Point
882,Barney,Giurio,0d8Xyr,bgiuriooh@google.com,4836172073,2 7th Alley
883,Denver,Horley,fRQ9WtI9kvDR,dhorleyoi@reference.com,7551793727,695 Ruskin Pass
884,Devy,Catterall,OFU5xU3SuzTa,dcatteralloj@nifty.com,5873105028,99 Fremont Pass
885,Linet,Copins,kROZTi6yB,lcopinsok@mapy.cz,5112638072,0745 Hollow Ridge Lane
886,Sanson,Delos,whcyqE,sdelosol@google.it,3739818527,50084 Porter Junction
887,Malva,Bretton,m3TosWMCr,mbrettonom@baidu.com,1263579275,07387 Bartillon Terrace
888,Chelsy,McClelland,siqTOFpytWlv,cmcclellandon@berkeley.edu,9297493201,1 Rieder Place
889,Herta,Barzen,XXimNl,hbarzenoo@dyndns.org,9991620974,959 Badeau Point
890,Marigold,Paget,aUPhV5nv,mpagetop@dailymail.co.uk,4005649661,34 Surrey Plaza
891,Kyle,McRannell,QP0mIZDC,kmcrannelloq@de.vu,9441692204,23 Kim Pass
892,Richart,Murra,MnXqTj8,rmurraor@creativecommons.org,6876684669,31 Everett Road
893,Paola,Pengelly,myXZNcJWP,ppengellyos@wiley.com,3895458070,66 Arapahoe Avenue
894,Britni,Snartt,cQPtKxMlj,bsnarttot@apple.com,5319504296,91916 Holmberg Junction
895,Babs,Spinella,oCZkeY,bspinellaou@ovh.net,4945334985,9200 Nova Plaza
896,Tedra,Crasswell,tkzfJIb,tcrasswellov@instagram.com,9561833271,78772 Burning Wood Hill
897,Bartholemy,Antonoczyk,bKJvyuN,bantonoczykow@cdbaby.com,1491138885,418 Oriole Plaza
898,Shepherd,Mussington,o5wdf3,smussingtonox@so-net.ne.jp,9614051486,2 Russell Alley
899,Leonardo,Dominguez,Uyov0RsLLpF,ldominguezoy@rambler.ru,3943851934,7726 Dakota Parkway
900,Jae,Januszewski,1HAiHCGU9,jjanuszewskioz@bandcamp.com,1375225189,420 Towne Lane
901,Damian,Stucke,ibGWisdIiFAL,dstuckep0@aol.com,1585530782,63 Glendale Parkway
902,Dita,Padgett,xVdq36UOXR9X,dpadgettp1@mozilla.org,7383720606,996 Dakota Park
903,Tito,Kinforth,dpbme1eVAds,tkinforthp2@fastcompany.com,4077474597,03529 Grim Road
904,Bartholemy,Bubeer,j4ZDbg,bbubeerp3@amazon.com,5363471443,4051 Carberry Avenue
905,Fayina,Gyorffy,jO6ZODq,fgyorffyp4@marketwatch.com,5602140116,4 Stang Park
906,Adrian,Etty,1H3RscbLfK,aettyp5@e-recht24.de,3885624991,9 Holmberg Circle
907,Ranee,Vargas,7PSGu0vNMrp,rvargasp6@theglobeandmail.com,6195457189,3263 Shopko Court
908,Nelli,Duquesnay,pZrAXIJUL1M,nduquesnayp7@amazonaws.com,7311817086,5895 Burrows Point
909,Pail,O'Dyvoie,bvQo25bd0,podyvoiep8@slate.com,2215799118,04 Marcy Alley
910,Gallagher,Jorden,QoKqurvBZst,gjordenp9@spotify.com,1286319492,1860 Rieder Pass
911,Malcolm,Titford,oYLMPb,mtitfordpa@alibaba.com,2452209792,18 Sommers Court
912,Lucille,Peckett,9nc4sLB,lpeckettpb@theguardian.com,9395250393,52 Commercial Center
913,Arlie,Luxmoore,81e0WreyeK,aluxmoorepc@ebay.co.uk,2146128096,03 Lindbergh Court
914,Gardener,Langlois,4jqX9yiFM64,glangloispd@cmu.edu,8029958717,06871 Mendota Drive
915,Emlyn,Balducci,ArMSAl3,ebalduccipe@hp.com,6247635754,8323 Forest Dale Hill
916,Lonee,Jagiello,W8b9x1YeCa,ljagiellopf@dmoz.org,7129338506,790 Tomscot Crossing
917,Tildi,Tollerfield,MCM2o25WS,ttollerfieldpg@va.gov,7719349630,67 Maple Wood Drive
918,Cosimo,Tivnan,mGpHCHsEZq7,ctivnanph@samsung.com,6166524634,88 Rieder Way
919,Eugenius,Parkes,M2UbRQn45,eparkespi@google.nl,6313817375,7434 Northland Terrace
920,Ezechiel,Bloom,hf9pfZ,ebloompj@sitemeter.com,7252821687,1172 International Terrace
921,Manda,Mutter,PCJqMNAm,mmutterpk@oaic.gov.au,2414395337,75 Calypso Plaza
922,Lara,Jeckells,Fg2Z3EPcb,ljeckellspl@earthlink.net,5632914284,138 Talmadge Hill
923,Brett,MacDearmaid,mB8uM6xCpu,bmacdearmaidpm@skype.com,7962491230,6080 Muir Road
924,Danni,Mazonowicz,r3WCJ3GCT,dmazonowiczpn@bloglovin.com,2462819677,60 Luster Avenue
925,Elberta,Maddox,8LbYqJkObjn,emaddoxpo@techcrunch.com,3621676688,0589 Fremont Drive
926,Whitby,Roels,MTeVmsqdUIhq,wroelspp@cyberchimps.com,4799811894,75 American Ash Point
927,Carmelia,Carlon,0kjxfLO,ccarlonpq@earthlink.net,5796499674,527 Armistice Terrace
928,Lise,Scotchmer,YHgZpJY24IP,lscotchmerpr@google.it,1679298957,2879 Oriole Parkway
929,Filippa,Medling,7hOZcHHt,fmedlingps@stumbleupon.com,8941983256,3840 Goodland Trail
930,Felice,Rein,WjqzrhJ,freinpt@mac.com,9139393733,934 Northridge Drive
931,Aridatha,Autry,G1Ujh4n,aautrypu@dedecms.com,1653696633,56469 Welch Avenue
932,Randa,Loughnan,WomH3eC,rloughnanpv@privacy.gov.au,8069265208,5312 Sutherland Road
933,Lemuel,Gillbanks,mtzK2YD0hJ,lgillbankspw@51.la,5701780252,21 Debra Plaza
934,Farra,Barczewski,OgQZaopP,fbarczewskipx@about.com,1337240163,52 Hoffman Plaza
935,Hernando,Roscher,Up7wHKKBu,hroscherpy@ucla.edu,2242393370,89027 American Ash Point
936,Winne,Calvert,SWy2LDPtik,wcalvertpz@liveinternet.ru,3496159865,6 Laurel Trail
937,Tally,McPeeters,bw8w06U7C,tmcpeetersq0@newsvine.com,5441692156,7 Golden Leaf Crossing
938,Deanna,Iorizzi,lvHvgJRIk,diorizziq1@webs.com,6584389234,62710 Reindahl Place
939,Stanleigh,Cheatle,xuAXE0,scheatleq2@elpais.com,8316055997,8 Ridgeway Road
940,Cherri,Braddon,Ncsc0u0Iq,cbraddonq3@cisco.com,6859519223,9 Anzinger Circle
941,Carin,Simkin,VRS8GVDakn,csimkinq4@disqus.com,2882767832,598 Pierstorff Way
942,Martina,Lightning,g7ujDQyVM,mlightningq5@pagesperso-orange.fr,8744913964,308 Sheridan Hill
943,Catrina,Povele,olQ5W47KF9o9,cpoveleq6@oaic.gov.au,1461055080,40 Dahle Court
944,Amelie,Lambe,6weqZGbfsj,alambeq7@i2i.jp,8249656495,2 Fieldstone Trail
945,Tye,Wintersgill,QQHZcR9Nf,twintersgillq8@wunderground.com,7236821413,6 Melrose Lane
946,Herc,Findlay,AVz3sBN,hfindlayq9@ebay.co.uk,4712897368,27845 Melvin Way
947,Alexei,Fodden,wJSTWa81OF0Z,afoddenqa@hc360.com,3215238239,9649 Cordelia Terrace
948,Colene,Lamswood,odVg75,clamswoodqb@pbs.org,2788252891,9 Hauk Parkway
949,Nathanael,Huzzay,XvvXQ45,nhuzzayqc@stanford.edu,2561783157,29 Burning Wood Alley
950,Hebert,Jeandon,R8YQwk,hjeandonqd@unblog.fr,8704703618,6 Loftsgordon Place
951,Ingeborg,MacKartan,jHOeJVtE,imackartanqe@about.com,8005304133,7523 Maple Wood Point
952,Harriette,Auchterlony,SOia2PxorV,hauchterlonyqf@narod.ru,2045220701,54043 Dunning Street
953,Joane,Spering,pDjh1cjX,jsperingqg@vk.com,6148037096,49925 Morning Hill
954,Cedric,Ickovici,ehsWvRMK9p,cickoviciqh@samsung.com,3923241190,70 Algoma Place
955,Lorne,Quinlan,rlx8Q3tR,lquinlanqi@mayoclinic.com,9155796660,904 Sugar Circle
956,Petrina,Woodhams,1xdcA4LB,pwoodhamsqj@ftc.gov,1039168692,45120 Vernon Point
957,Margret,Jerams,pND8IYIUojc,mjeramsqk@fema.gov,4281201357,7612 Pankratz Alley
958,Andrej,Bechley,rVtx3w41fB52,abechleyql@msn.com,7095006712,487 Sommers Lane
959,Derron,O'Rafferty,buW55uz,doraffertyqm@liveinternet.ru,8405737470,935 Birchwood Circle
960,Hinda,Learmouth,5frCRosBiAs,hlearmouthqn@diigo.com,1362434527,512 Hoard Court
961,Ulrick,Rames,nxFlZw,uramesqo@addtoany.com,8759758759,876 Hermina Road
962,Abelard,Iori,32yIKaIzrVB,aioriqp@google.nl,8723515272,9 Namekagon Junction
963,Natividad,Emblow,x37t2mpddKuR,nemblowqq@ted.com,7598469584,681 Artisan Trail
964,Goldina,Eskriet,thji8eW9d,geskrietqr@live.com,8626441646,92 Gina Pass
965,Caritta,Sterrick,DdTo1Y,csterrickqs@blinklist.com,1099082449,754 Pawling Junction
966,Dot,Baselli,dp7ueJQY4,dbaselliqt@indiatimes.com,6696161540,8 Bunker Hill Parkway
967,Raffarty,Katte,SHJykL4zZs,rkattequ@examiner.com,6968884826,675 Sage Lane
968,Willabella,Perrottet,QlPBTAf,wperrottetqv@desdev.cn,5512076276,14627 Rusk Alley
969,Lotty,Batistelli,ByZ08sr125x,lbatistelliqw@ifeng.com,6285397898,9964 Schiller Drive
970,Dinnie,Pollok,kppt6jaE,dpollokqx@fema.gov,9459891030,292 Lien Center
971,Chelsy,Schaumann,neCgDjc4M,cschaumannqy@stanford.edu,1782088066,5788 Manley Trail
972,Bidget,Vockings,HLiVViH5pA,bvockingsqz@ning.com,8003902625,6341 Mallory Plaza
973,Currey,Kingshott,fhGekl,ckingshottr0@ow.ly,4297564491,5 Elka Hill
974,Cesar,Kahan,huWe8PkOde,ckahanr1@cargocollective.com,1286329259,41 Crest Line Alley
975,Amabelle,Wooldridge,9oVGXKWDnBRh,awooldridger2@dyndns.org,9205792035,20892 Clemons Pass
976,Bradley,Artin,vZas0hC,bartinr3@wix.com,7937039282,3 Havey Road
977,Lindy,Kearn,d4VRBMPSaAg,lkearnr4@forbes.com,7742633659,68688 Swallow Center
978,Rice,Rattrie,9AyeITfiwJ,rrattrier5@macromedia.com,8815588993,56766 Prairie Rose Junction
979,Theda,Kleingrub,fcsysseq8Q4l,tkleingrubr6@deliciousdays.com,1655389486,79674 Lakewood Plaza
980,Allianora,Witherow,htFfBNs3Pq,awitherowr7@devhub.com,9421280784,3 Service Alley
981,Vincenty,Purton,avmOvyxi,vpurtonr8@over-blog.com,6131237496,0069 Johnson Trail
982,Regina,Sirman,vKjf7MM,rsirmanr9@oracle.com,4246112994,301 Meadow Vale Court
983,Harli,Mumbeson,BMgK9y3t9O,hmumbesonra@redcross.org,6176455002,5 Golf View Pass
984,Eloise,Hicks,os8iJvcj5,ehicksrb@umich.edu,4556186499,6 Jenifer Circle
985,Nicolas,O'Shiel,3fgAP9E,noshielrc@discuz.net,7948677190,6 Walton Place
986,Mahalia,Zumbusch,mirP8HzDU,mzumbuschrd@xing.com,7079293584,58930 Graedel Avenue
987,Helge,Yearsley,Gh4QwFai5r0,hyearsleyre@paginegialle.it,7601046914,086 Fuller Trail
988,Leeanne,Lattka,KuSgtQwIdEu,llattkarf@jigsy.com,2998318190,9967 Homewood Junction
989,Kalindi,Gallichiccio,sPUtil8,kgallichicciorg@epa.gov,9538219002,7 Vernon Circle
990,Jackie,Devonish,phzaJp,jdevonishrh@dagondesign.com,3897851327,53386 Mendota Trail
991,Dorelle,Dewbury,bH9TntWv9N,ddewburyri@bbb.org,8706647104,37959 Stone Corner Drive
992,Rora,Faers,23cFyV,rfaersrj@example.com,2927660467,094 Vera Court
993,Esra,Hicks,JJpKJegIWR,ehicksrk@webmd.com,3551032008,1225 Kinsman Court
994,Aurlie,Culley,vDc6Yxt9,aculleyrl@google.co.jp,2159074608,83 Buhler Place
995,Nichols,McCurrie,vkZ1KGIrkeEK,nmccurrierm@omniture.com,5573519125,592 Brickson Park Terrace
996,Freddy,Guillond,pq1lxHU8B,fguillondrn@g.co,2395408105,9988 Birchwood Hill
997,Erin,Sandford,25jhJm,esandfordro@arstechnica.com,3249316986,6 Shoshone Circle
998,Colet,Corzon,9yuNQkJ8M,ccorzonrp@com.com,3102628901,014 Crowley Place
999,Valentina,Quibell,PR4ineb,vquibellrq@aboutads.info,3252878594,21489 David Junction
1000,Jules,O'Fearguise,N9Tz6PRPq64c,jofearguiserr@netvibes.com,1933479538,5203 Hanover Trail
